Product ID,Date,Weekly_Demand,Lag_1,Lag_2,Lag_4,Rolling_Mean_4,Week_Number,Month
P0001,2022-01-02,1353,,,,,52,1
P0001,2022-01-09,4606,1353.0,,,,1,1
P0001,2022-01-16,3557,4606.0,1353.0,,,2,1
P0001,2022-01-23,4920,3557.0,4606.0,,,3,1
P0001,2022-01-30,5003,4920.0,3557.0,1353.0,3609.0,4,1
P0001,2022-02-06,5253,5003.0,4920.0,4606.0,4521.5,5,2
P0001,2022-02-13,4142,5253.0,5003.0,3557.0,4683.25,6,2
P0001,2022-02-20,4797,4142.0,5253.0,4920.0,4829.5,7,2
P0001,2022-02-27,4225,4797.0,4142.0,5003.0,4798.75,8,2
P0001,2022-03-06,5500,4225.0,4797.0,5253.0,4604.25,9,3
P0001,2022-03-13,4869,5500.0,4225.0,4142.0,4666.0,10,3
P0001,2022-03-20,3509,4869.0,5500.0,4797.0,4847.75,11,3
P0001,2022-03-27,4652,3509.0,4869.0,4225.0,4525.75,12,3
P0001,2022-04-03,3812,4652.0,3509.0,5500.0,4632.5,13,4
P0001,2022-04-10,4578,3812.0,4652.0,4869.0,4210.5,14,4
P0001,2022-04-17,5634,4578.0,3812.0,3509.0,4137.75,15,4
P0001,2022-04-24,3361,5634.0,4578.0,4652.0,4669.0,16,4
P0001,2022-05-01,4817,3361.0,5634.0,3812.0,4346.25,17,5
P0001,2022-05-08,3606,4817.0,3361.0,4578.0,4597.5,18,5
P0001,2022-05-15,4181,3606.0,4817.0,5634.0,4354.5,19,5
P0001,2022-05-22,6012,4181.0,3606.0,3361.0,3991.25,20,5
P0001,2022-05-29,4575,6012.0,4181.0,4817.0,4654.0,21,5
P0001,2022-06-05,4845,4575.0,6012.0,3606.0,4593.5,22,6
P0001,2022-06-12,5671,4845.0,4575.0,4181.0,4903.25,23,6
P0001,2022-06-19,4552,5671.0,4845.0,6012.0,5275.75,24,6
P0001,2022-06-26,5968,4552.0,5671.0,4575.0,4910.75,25,6
P0001,2022-07-03,3906,5968.0,4552.0,4845.0,5259.0,26,7
P0001,2022-07-10,3612,3906.0,5968.0,5671.0,5024.25,27,7
P0001,2022-07-17,5226,3612.0,3906.0,4552.0,4509.5,28,7
P0001,2022-07-24,4852,5226.0,3612.0,5968.0,4678.0,29,7
P0001,2022-07-31,4994,4852.0,5226.0,3906.0,4399.0,30,7
P0001,2022-08-07,4337,4994.0,4852.0,3612.0,4671.0,31,8
P0001,2022-08-14,5082,4337.0,4994.0,5226.0,4852.25,32,8
P0001,2022-08-21,5458,5082.0,4337.0,4852.0,4816.25,33,8
P0001,2022-08-28,4223,5458.0,5082.0,4994.0,4967.75,34,8
P0001,2022-09-04,4836,4223.0,5458.0,4337.0,4775.0,35,9
P0001,2022-09-11,5767,4836.0,4223.0,5082.0,4899.75,36,9
P0001,2022-09-18,5892,5767.0,4836.0,5458.0,5071.0,37,9
P0001,2022-09-25,5318,5892.0,5767.0,4223.0,5179.5,38,9
P0001,2022-10-02,6660,5318.0,5892.0,4836.0,5453.25,39,10
P0001,2022-10-09,3846,6660.0,5318.0,5767.0,5909.25,40,10
P0001,2022-10-16,5632,3846.0,6660.0,5892.0,5429.0,41,10
P0001,2022-10-23,4562,5632.0,3846.0,5318.0,5364.0,42,10
P0001,2022-10-30,4605,4562.0,5632.0,6660.0,5175.0,43,10
P0001,2022-11-06,4781,4605.0,4562.0,3846.0,4661.25,44,11
P0001,2022-11-13,3887,4781.0,4605.0,5632.0,4895.0,45,11
P0001,2022-11-20,5578,3887.0,4781.0,4562.0,4458.75,46,11
P0001,2022-11-27,5039,5578.0,3887.0,4605.0,4712.75,47,11
P0001,2022-12-04,5800,5039.0,5578.0,4781.0,4821.25,48,12
P0001,2022-12-11,5997,5800.0,5039.0,3887.0,5076.0,49,12
P0001,2022-12-18,6395,5997.0,5800.0,5578.0,5603.5,50,12
P0001,2022-12-25,4060,6395.0,5997.0,5039.0,5807.75,51,12
P0001,2023-01-01,4150,4060.0,6395.0,5800.0,5563.0,52,1
P0001,2023-01-08,4207,4150.0,4060.0,5997.0,5150.5,1,1
P0001,2023-01-15,3930,4207.0,4150.0,6395.0,4703.0,2,1
P0001,2023-01-22,3948,3930.0,4207.0,4060.0,4086.75,3,1
P0001,2023-01-29,4969,3948.0,3930.0,4150.0,4058.75,4,1
P0001,2023-02-05,4663,4969.0,3948.0,4207.0,4263.5,5,2
P0001,2023-02-12,5155,4663.0,4969.0,3930.0,4377.5,6,2
P0001,2023-02-19,5301,5155.0,4663.0,3948.0,4683.75,7,2
P0001,2023-02-26,4169,5301.0,5155.0,4969.0,5022.0,8,2
P0001,2023-03-05,5230,4169.0,5301.0,4663.0,4822.0,9,3
P0001,2023-03-12,4498,5230.0,4169.0,5155.0,4963.75,10,3
P0001,2023-03-19,3507,4498.0,5230.0,5301.0,4799.5,11,3
P0001,2023-03-26,5134,3507.0,4498.0,4169.0,4351.0,12,3
P0001,2023-04-02,5299,5134.0,3507.0,5230.0,4592.25,13,4
P0001,2023-04-09,4304,5299.0,5134.0,4498.0,4609.5,14,4
P0001,2023-04-16,4208,4304.0,5299.0,3507.0,4561.0,15,4
P0001,2023-04-23,4541,4208.0,4304.0,5134.0,4736.25,16,4
P0001,2023-04-30,5607,4541.0,4208.0,5299.0,4588.0,17,4
P0001,2023-05-07,4505,5607.0,4541.0,4304.0,4665.0,18,5
P0001,2023-05-14,4395,4505.0,5607.0,4208.0,4715.25,19,5
P0001,2023-05-21,4868,4395.0,4505.0,4541.0,4762.0,20,5
P0001,2023-05-28,4380,4868.0,4395.0,5607.0,4843.75,21,5
P0001,2023-06-04,3926,4380.0,4868.0,4505.0,4537.0,22,6
P0001,2023-06-11,3838,3926.0,4380.0,4395.0,4392.25,23,6
P0001,2023-06-18,5919,3838.0,3926.0,4868.0,4253.0,24,6
P0001,2023-06-25,4219,5919.0,3838.0,4380.0,4515.75,25,6
P0001,2023-07-02,4441,4219.0,5919.0,3926.0,4475.5,26,7
P0001,2023-07-09,3529,4441.0,4219.0,3838.0,4604.25,27,7
P0001,2023-07-16,5873,3529.0,4441.0,5919.0,4527.0,28,7
P0001,2023-07-23,5435,5873.0,3529.0,4219.0,4515.5,29,7
P0001,2023-07-30,5886,5435.0,5873.0,4441.0,4819.5,30,7
P0001,2023-08-06,4777,5886.0,5435.0,3529.0,5180.75,31,8
P0001,2023-08-13,4521,4777.0,5886.0,5873.0,5492.75,32,8
P0001,2023-08-20,4225,4521.0,4777.0,5435.0,5154.75,33,8
P0001,2023-08-27,5256,4225.0,4521.0,5886.0,4852.25,34,8
P0001,2023-09-03,4180,5256.0,4225.0,4777.0,4694.75,35,9
P0001,2023-09-10,5014,4180.0,5256.0,4521.0,4545.5,36,9
P0001,2023-09-17,5902,5014.0,4180.0,4225.0,4668.75,37,9
P0001,2023-09-24,5557,5902.0,5014.0,5256.0,5088.0,38,9
P0001,2023-10-01,4692,5557.0,5902.0,4180.0,5163.25,39,10
P0001,2023-10-08,4234,4692.0,5557.0,5014.0,5291.25,40,10
P0001,2023-10-15,4512,4234.0,4692.0,5902.0,5096.25,41,10
P0001,2023-10-22,5976,4512.0,4234.0,5557.0,4748.75,42,10
P0001,2023-10-29,3840,5976.0,4512.0,4692.0,4853.5,43,10
P0001,2023-11-05,5629,3840.0,5976.0,4234.0,4640.5,44,11
P0001,2023-11-12,4195,5629.0,3840.0,4512.0,4989.25,45,11
P0001,2023-11-19,5173,4195.0,5629.0,5976.0,4910.0,46,11
P0001,2023-11-26,4730,5173.0,4195.0,3840.0,4709.25,47,11
P0001,2023-12-03,4992,4730.0,5173.0,5629.0,4931.75,48,12
P0001,2023-12-10,4004,4992.0,4730.0,4195.0,4772.5,49,12
P0001,2023-12-17,4484,4004.0,4992.0,5173.0,4724.75,50,12
P0001,2023-12-24,4677,4484.0,4004.0,4730.0,4552.5,51,12
P0001,2023-12-31,4245,4677.0,4484.0,4992.0,4539.25,52,12
P0001,2024-01-07,869,4245.0,4677.0,4004.0,4352.5,1,1
P0002,2022-01-02,1069,,,,,52,1
P0002,2022-01-09,4121,1069.0,,,,1,1
P0002,2022-01-16,5137,4121.0,1069.0,,,2,1
P0002,2022-01-23,4990,5137.0,4121.0,,,3,1
P0002,2022-01-30,3935,4990.0,5137.0,1069.0,3829.25,4,1
P0002,2022-02-06,4843,3935.0,4990.0,4121.0,4545.75,5,2
P0002,2022-02-13,4814,4843.0,3935.0,5137.0,4726.25,6,2
P0002,2022-02-20,4998,4814.0,4843.0,4990.0,4645.5,7,2
P0002,2022-02-27,5756,4998.0,4814.0,3935.0,4647.5,8,2
P0002,2022-03-06,4522,5756.0,4998.0,4843.0,5102.75,9,3
P0002,2022-03-13,5634,4522.0,5756.0,4814.0,5022.5,10,3
P0002,2022-03-20,5521,5634.0,4522.0,4998.0,5227.5,11,3
P0002,2022-03-27,6101,5521.0,5634.0,5756.0,5358.25,12,3
P0002,2022-04-03,4571,6101.0,5521.0,4522.0,5444.5,13,4
P0002,2022-04-10,4878,4571.0,6101.0,5634.0,5456.75,14,4
P0002,2022-04-17,3647,4878.0,4571.0,5521.0,5267.75,15,4
P0002,2022-04-24,4814,3647.0,4878.0,6101.0,4799.25,16,4
P0002,2022-05-01,4569,4814.0,3647.0,4571.0,4477.5,17,5
P0002,2022-05-08,4525,4569.0,4814.0,4878.0,4477.0,18,5
P0002,2022-05-15,3548,4525.0,4569.0,3647.0,4388.75,19,5
P0002,2022-05-22,5288,3548.0,4525.0,4814.0,4364.0,20,5
P0002,2022-05-29,3748,5288.0,3548.0,4569.0,4482.5,21,5
P0002,2022-06-05,5288,3748.0,5288.0,4525.0,4277.25,22,6
P0002,2022-06-12,4764,5288.0,3748.0,3548.0,4468.0,23,6
P0002,2022-06-19,5172,4764.0,5288.0,5288.0,4772.0,24,6
P0002,2022-06-26,5162,5172.0,4764.0,3748.0,4743.0,25,6
P0002,2022-07-03,5053,5162.0,5172.0,5288.0,5096.5,26,7
P0002,2022-07-10,4699,5053.0,5162.0,4764.0,5037.75,27,7
P0002,2022-07-17,5074,4699.0,5053.0,5172.0,5021.5,28,7
P0002,2022-07-24,5025,5074.0,4699.0,5162.0,4997.0,29,7
P0002,2022-07-31,4314,5025.0,5074.0,5053.0,4962.75,30,7
P0002,2022-08-07,4740,4314.0,5025.0,4699.0,4778.0,31,8
P0002,2022-08-14,5338,4740.0,4314.0,5074.0,4788.25,32,8
P0002,2022-08-21,4678,5338.0,4740.0,5025.0,4854.25,33,8
P0002,2022-08-28,4508,4678.0,5338.0,4314.0,4767.5,34,8
P0002,2022-09-04,3701,4508.0,4678.0,4740.0,4816.0,35,9
P0002,2022-09-11,3996,3701.0,4508.0,5338.0,4556.25,36,9
P0002,2022-09-18,4545,3996.0,3701.0,4678.0,4220.75,37,9
P0002,2022-09-25,3942,4545.0,3996.0,4508.0,4187.5,38,9
P0002,2022-10-02,4848,3942.0,4545.0,3701.0,4046.0,39,10
P0002,2022-10-09,4563,4848.0,3942.0,3996.0,4332.75,40,10
P0002,2022-10-16,4894,4563.0,4848.0,4545.0,4474.5,41,10
P0002,2022-10-23,4143,4894.0,4563.0,3942.0,4561.75,42,10
P0002,2022-10-30,4839,4143.0,4894.0,4848.0,4612.0,43,10
P0002,2022-11-06,4353,4839.0,4143.0,4563.0,4609.75,44,11
P0002,2022-11-13,5723,4353.0,4839.0,4894.0,4557.25,45,11
P0002,2022-11-20,4158,5723.0,4353.0,4143.0,4764.5,46,11
P0002,2022-11-27,4772,4158.0,5723.0,4839.0,4768.25,47,11
P0002,2022-12-04,3957,4772.0,4158.0,4353.0,4751.5,48,12
P0002,2022-12-11,4281,3957.0,4772.0,5723.0,4652.5,49,12
P0002,2022-12-18,5110,4281.0,3957.0,4158.0,4292.0,50,12
P0002,2022-12-25,4893,5110.0,4281.0,4772.0,4530.0,51,12
P0002,2023-01-01,4931,4893.0,5110.0,3957.0,4560.25,52,1
P0002,2023-01-08,4408,4931.0,4893.0,4281.0,4803.75,1,1
P0002,2023-01-15,3958,4408.0,4931.0,5110.0,4835.5,2,1
P0002,2023-01-22,5746,3958.0,4408.0,4893.0,4547.5,3,1
P0002,2023-01-29,4639,5746.0,3958.0,4931.0,4760.75,4,1
P0002,2023-02-05,4837,4639.0,5746.0,4408.0,4687.75,5,2
P0002,2023-02-12,5283,4837.0,4639.0,3958.0,4795.0,6,2
P0002,2023-02-19,4403,5283.0,4837.0,5746.0,5126.25,7,2
P0002,2023-02-26,4717,4403.0,5283.0,4639.0,4790.5,8,2
P0002,2023-03-05,4778,4717.0,4403.0,4837.0,4810.0,9,3
P0002,2023-03-12,3836,4778.0,4717.0,5283.0,4795.25,10,3
P0002,2023-03-19,5133,3836.0,4778.0,4403.0,4433.5,11,3
P0002,2023-03-26,3749,5133.0,3836.0,4717.0,4616.0,12,3
P0002,2023-04-02,5598,3749.0,5133.0,4778.0,4374.0,13,4
P0002,2023-04-09,4134,5598.0,3749.0,3836.0,4579.0,14,4
P0002,2023-04-16,5694,4134.0,5598.0,5133.0,4653.5,15,4
P0002,2023-04-23,3879,5694.0,4134.0,3749.0,4793.75,16,4
P0002,2023-04-30,3783,3879.0,5694.0,5598.0,4826.25,17,4
P0002,2023-05-07,4610,3783.0,3879.0,4134.0,4372.5,18,5
P0002,2023-05-14,4861,4610.0,3783.0,5694.0,4491.5,19,5
P0002,2023-05-21,4046,4861.0,4610.0,3879.0,4283.25,20,5
P0002,2023-05-28,4958,4046.0,4861.0,3783.0,4325.0,21,5
P0002,2023-06-04,5377,4958.0,4046.0,4610.0,4618.75,22,6
P0002,2023-06-11,4602,5377.0,4958.0,4861.0,4810.5,23,6
P0002,2023-06-18,6248,4602.0,5377.0,4046.0,4745.75,24,6
P0002,2023-06-25,4848,6248.0,4602.0,4958.0,5296.25,25,6
P0002,2023-07-02,4614,4848.0,6248.0,5377.0,5268.75,26,7
P0002,2023-07-09,5808,4614.0,4848.0,4602.0,5078.0,27,7
P0002,2023-07-16,5158,5808.0,4614.0,6248.0,5379.5,28,7
P0002,2023-07-23,3628,5158.0,5808.0,4848.0,5107.0,29,7
P0002,2023-07-30,5382,3628.0,5158.0,4614.0,4802.0,30,7
P0002,2023-08-06,4766,5382.0,3628.0,5808.0,4994.0,31,8
P0002,2023-08-13,4920,4766.0,5382.0,5158.0,4733.5,32,8
P0002,2023-08-20,4893,4920.0,4766.0,3628.0,4674.0,33,8
P0002,2023-08-27,4093,4893.0,4920.0,5382.0,4990.25,34,8
P0002,2023-09-03,3655,4093.0,4893.0,4766.0,4668.0,35,9
P0002,2023-09-10,3972,3655.0,4093.0,4920.0,4390.25,36,9
P0002,2023-09-17,4228,3972.0,3655.0,4893.0,4153.25,37,9
P0002,2023-09-24,4384,4228.0,3972.0,4093.0,3987.0,38,9
P0002,2023-10-01,4115,4384.0,4228.0,3655.0,4059.75,39,10
P0002,2023-10-08,3944,4115.0,4384.0,3972.0,4174.75,40,10
P0002,2023-10-15,4779,3944.0,4115.0,4228.0,4167.75,41,10
P0002,2023-10-22,4142,4779.0,3944.0,4384.0,4305.5,42,10
P0002,2023-10-29,3968,4142.0,4779.0,4115.0,4245.0,43,10
P0002,2023-11-05,3272,3968.0,4142.0,3944.0,4208.25,44,11
P0002,2023-11-12,5297,3272.0,3968.0,4779.0,4040.25,45,11
P0002,2023-11-19,4578,5297.0,3272.0,4142.0,4169.75,46,11
P0002,2023-11-26,4738,4578.0,5297.0,3968.0,4278.75,47,11
P0002,2023-12-03,4270,4738.0,4578.0,3272.0,4471.25,48,12
P0002,2023-12-10,4127,4270.0,4738.0,5297.0,4720.75,49,12
P0002,2023-12-17,4838,4127.0,4270.0,4578.0,4428.25,50,12
P0002,2023-12-24,5275,4838.0,4127.0,4738.0,4493.25,51,12
P0002,2023-12-31,5734,5275.0,4838.0,4270.0,4627.5,52,12
P0002,2024-01-07,631,5734.0,5275.0,4127.0,4993.5,1,1
P0003,2022-01-02,1782,,,,,52,1
P0003,2022-01-09,4177,1782.0,,,,1,1
P0003,2022-01-16,3770,4177.0,1782.0,,,2,1
P0003,2022-01-23,4642,3770.0,4177.0,,,3,1
P0003,2022-01-30,4853,4642.0,3770.0,1782.0,3592.75,4,1
P0003,2022-02-06,4614,4853.0,4642.0,4177.0,4360.5,5,2
P0003,2022-02-13,5143,4614.0,4853.0,3770.0,4469.75,6,2
P0003,2022-02-20,5489,5143.0,4614.0,4642.0,4813.0,7,2
P0003,2022-02-27,4330,5489.0,5143.0,4853.0,5024.75,8,2
P0003,2022-03-06,5264,4330.0,5489.0,4614.0,4894.0,9,3
P0003,2022-03-13,4564,5264.0,4330.0,5143.0,5056.5,10,3
P0003,2022-03-20,3918,4564.0,5264.0,5489.0,4911.75,11,3
P0003,2022-03-27,5500,3918.0,4564.0,4330.0,4519.0,12,3
P0003,2022-04-03,4887,5500.0,3918.0,5264.0,4811.5,13,4
P0003,2022-04-10,3923,4887.0,5500.0,4564.0,4717.25,14,4
P0003,2022-04-17,5697,3923.0,4887.0,3918.0,4557.0,15,4
P0003,2022-04-24,5026,5697.0,3923.0,5500.0,5001.75,16,4
P0003,2022-05-01,4512,5026.0,5697.0,4887.0,4883.25,17,5
P0003,2022-05-08,4995,4512.0,5026.0,3923.0,4789.5,18,5
P0003,2022-05-15,4635,4995.0,4512.0,5697.0,5057.5,19,5
P0003,2022-05-22,4242,4635.0,4995.0,5026.0,4792.0,20,5
P0003,2022-05-29,5191,4242.0,4635.0,4512.0,4596.0,21,5
P0003,2022-06-05,4163,5191.0,4242.0,4995.0,4765.75,22,6
P0003,2022-06-12,3429,4163.0,5191.0,4635.0,4557.75,23,6
P0003,2022-06-19,5217,3429.0,4163.0,4242.0,4256.25,24,6
P0003,2022-06-26,4889,5217.0,3429.0,5191.0,4500.0,25,6
P0003,2022-07-03,4699,4889.0,5217.0,4163.0,4424.5,26,7
P0003,2022-07-10,5061,4699.0,4889.0,3429.0,4558.5,27,7
P0003,2022-07-17,5029,5061.0,4699.0,5217.0,4966.5,28,7
P0003,2022-07-24,4920,5029.0,5061.0,4889.0,4919.5,29,7
P0003,2022-07-31,4697,4920.0,5029.0,4699.0,4927.25,30,7
P0003,2022-08-07,5928,4697.0,4920.0,5061.0,4926.75,31,8
P0003,2022-08-14,4626,5928.0,4697.0,5029.0,5143.5,32,8
P0003,2022-08-21,4321,4626.0,5928.0,4920.0,5042.75,33,8
P0003,2022-08-28,6338,4321.0,4626.0,4697.0,4893.0,34,8
P0003,2022-09-04,5431,6338.0,4321.0,5928.0,5303.25,35,9
P0003,2022-09-11,4271,5431.0,6338.0,4626.0,5179.0,36,9
P0003,2022-09-18,4084,4271.0,5431.0,4321.0,5090.25,37,9
P0003,2022-09-25,4705,4084.0,4271.0,6338.0,5031.0,38,9
P0003,2022-10-02,3147,4705.0,4084.0,5431.0,4622.75,39,10
P0003,2022-10-09,5241,3147.0,4705.0,4271.0,4051.75,40,10
P0003,2022-10-16,3914,5241.0,3147.0,4084.0,4294.25,41,10
P0003,2022-10-23,3771,3914.0,5241.0,4705.0,4251.75,42,10
P0003,2022-10-30,4953,3771.0,3914.0,3147.0,4018.25,43,10
P0003,2022-11-06,4700,4953.0,3771.0,5241.0,4469.75,44,11
P0003,2022-11-13,4740,4700.0,4953.0,3914.0,4334.5,45,11
P0003,2022-11-20,4222,4740.0,4700.0,3771.0,4541.0,46,11
P0003,2022-11-27,4745,4222.0,4740.0,4953.0,4653.75,47,11
P0003,2022-12-04,4001,4745.0,4222.0,4700.0,4601.75,48,12
P0003,2022-12-11,4846,4001.0,4745.0,4740.0,4427.0,49,12
P0003,2022-12-18,5077,4846.0,4001.0,4222.0,4453.5,50,12
P0003,2022-12-25,4508,5077.0,4846.0,4745.0,4667.25,51,12
P0003,2023-01-01,4379,4508.0,5077.0,4001.0,4608.0,52,1
P0003,2023-01-08,4244,4379.0,4508.0,4846.0,4702.5,1,1
P0003,2023-01-15,5291,4244.0,4379.0,5077.0,4552.0,2,1
P0003,2023-01-22,4097,5291.0,4244.0,4508.0,4605.5,3,1
P0003,2023-01-29,4786,4097.0,5291.0,4379.0,4502.75,4,1
P0003,2023-02-05,4638,4786.0,4097.0,4244.0,4604.5,5,2
P0003,2023-02-12,5473,4638.0,4786.0,5291.0,4703.0,6,2
P0003,2023-02-19,3823,5473.0,4638.0,4097.0,4748.5,7,2
P0003,2023-02-26,4886,3823.0,5473.0,4786.0,4680.0,8,2
P0003,2023-03-05,5947,4886.0,3823.0,4638.0,4705.0,9,3
P0003,2023-03-12,5194,5947.0,4886.0,5473.0,5032.25,10,3
P0003,2023-03-19,4978,5194.0,5947.0,3823.0,4962.5,11,3
P0003,2023-03-26,4754,4978.0,5194.0,4886.0,5251.25,12,3
P0003,2023-04-02,3982,4754.0,4978.0,5947.0,5218.25,13,4
P0003,2023-04-09,4207,3982.0,4754.0,5194.0,4727.0,14,4
P0003,2023-04-16,4464,4207.0,3982.0,4978.0,4480.25,15,4
P0003,2023-04-23,5604,4464.0,4207.0,4754.0,4351.75,16,4
P0003,2023-04-30,4378,5604.0,4464.0,3982.0,4564.25,17,4
P0003,2023-05-07,4666,4378.0,5604.0,4207.0,4663.25,18,5
P0003,2023-05-14,4395,4666.0,4378.0,4464.0,4778.0,19,5
P0003,2023-05-21,5225,4395.0,4666.0,5604.0,4760.75,20,5
P0003,2023-05-28,4247,5225.0,4395.0,4378.0,4666.0,21,5
P0003,2023-06-04,6143,4247.0,5225.0,4666.0,4633.25,22,6
P0003,2023-06-11,4234,6143.0,4247.0,4395.0,5002.5,23,6
P0003,2023-06-18,3635,4234.0,6143.0,5225.0,4962.25,24,6
P0003,2023-06-25,4136,3635.0,4234.0,4247.0,4564.75,25,6
P0003,2023-07-02,6119,4136.0,3635.0,6143.0,4537.0,26,7
P0003,2023-07-09,5000,6119.0,4136.0,4234.0,4531.0,27,7
P0003,2023-07-16,6518,5000.0,6119.0,3635.0,4722.5,28,7
P0003,2023-07-23,4248,6518.0,5000.0,4136.0,5443.25,29,7
P0003,2023-07-30,4950,4248.0,6518.0,6119.0,5471.25,30,7
P0003,2023-08-06,3793,4950.0,4248.0,5000.0,5179.0,31,8
P0003,2023-08-13,5163,3793.0,4950.0,6518.0,4877.25,32,8
P0003,2023-08-20,4579,5163.0,3793.0,4248.0,4538.5,33,8
P0003,2023-08-27,4002,4579.0,5163.0,4950.0,4621.25,34,8
P0003,2023-09-03,4647,4002.0,4579.0,3793.0,4384.25,35,9
P0003,2023-09-10,5250,4647.0,4002.0,5163.0,4597.75,36,9
P0003,2023-09-17,4824,5250.0,4647.0,4579.0,4619.5,37,9
P0003,2023-09-24,4935,4824.0,5250.0,4002.0,4680.75,38,9
P0003,2023-10-01,5380,4935.0,4824.0,4647.0,4914.0,39,10
P0003,2023-10-08,4806,5380.0,4935.0,5250.0,5097.25,40,10
P0003,2023-10-15,5245,4806.0,5380.0,4824.0,4986.25,41,10
P0003,2023-10-22,3953,5245.0,4806.0,4935.0,5091.5,42,10
P0003,2023-10-29,5008,3953.0,5245.0,5380.0,4846.0,43,10
P0003,2023-11-05,4144,5008.0,3953.0,4806.0,4753.0,44,11
P0003,2023-11-12,4071,4144.0,5008.0,5245.0,4587.5,45,11
P0003,2023-11-19,4330,4071.0,4144.0,3953.0,4294.0,46,11
P0003,2023-11-26,4993,4330.0,4071.0,5008.0,4388.25,47,11
P0003,2023-12-03,5780,4993.0,4330.0,4144.0,4384.5,48,12
P0003,2023-12-10,4687,5780.0,4993.0,4071.0,4793.5,49,12
P0003,2023-12-17,4240,4687.0,5780.0,4330.0,4947.5,50,12
P0003,2023-12-24,4443,4240.0,4687.0,4993.0,4925.0,51,12
P0003,2023-12-31,5208,4443.0,4240.0,5780.0,4787.5,52,12
P0003,2024-01-07,330,5208.0,4443.0,4687.0,4644.5,1,1
P0004,2022-01-02,978,,,,,52,1
P0004,2022-01-09,4842,978.0,,,,1,1
P0004,2022-01-16,4518,4842.0,978.0,,,2,1
P0004,2022-01-23,5790,4518.0,4842.0,,,3,1
P0004,2022-01-30,5261,5790.0,4518.0,978.0,4032.0,4,1
P0004,2022-02-06,5278,5261.0,5790.0,4842.0,5102.75,5,2
P0004,2022-02-13,5190,5278.0,5261.0,4518.0,5211.75,6,2
P0004,2022-02-20,5704,5190.0,5278.0,5790.0,5379.75,7,2
P0004,2022-02-27,5047,5704.0,5190.0,5261.0,5358.25,8,2
P0004,2022-03-06,4174,5047.0,5704.0,5278.0,5304.75,9,3
P0004,2022-03-13,5651,4174.0,5047.0,5190.0,5028.75,10,3
P0004,2022-03-20,4201,5651.0,4174.0,5704.0,5144.0,11,3
P0004,2022-03-27,5282,4201.0,5651.0,5047.0,4768.25,12,3
P0004,2022-04-03,4799,5282.0,4201.0,4174.0,4827.0,13,4
P0004,2022-04-10,4897,4799.0,5282.0,5651.0,4983.25,14,4
P0004,2022-04-17,4471,4897.0,4799.0,4201.0,4794.75,15,4
P0004,2022-04-24,4230,4471.0,4897.0,5282.0,4862.25,16,4
P0004,2022-05-01,5582,4230.0,4471.0,4799.0,4599.25,17,5
P0004,2022-05-08,4682,5582.0,4230.0,4897.0,4795.0,18,5
P0004,2022-05-15,3899,4682.0,5582.0,4471.0,4741.25,19,5
P0004,2022-05-22,4693,3899.0,4682.0,4230.0,4598.25,20,5
P0004,2022-05-29,3507,4693.0,3899.0,5582.0,4714.0,21,5
P0004,2022-06-05,4528,3507.0,4693.0,4682.0,4195.25,22,6
P0004,2022-06-12,4696,4528.0,3507.0,3899.0,4156.75,23,6
P0004,2022-06-19,4790,4696.0,4528.0,4693.0,4356.0,24,6
P0004,2022-06-26,4207,4790.0,4696.0,3507.0,4380.25,25,6
P0004,2022-07-03,4379,4207.0,4790.0,4528.0,4555.25,26,7
P0004,2022-07-10,4685,4379.0,4207.0,4696.0,4518.0,27,7
P0004,2022-07-17,4872,4685.0,4379.0,4790.0,4515.25,28,7
P0004,2022-07-24,3974,4872.0,4685.0,4207.0,4535.75,29,7
P0004,2022-07-31,4340,3974.0,4872.0,4379.0,4477.5,30,7
P0004,2022-08-07,5633,4340.0,3974.0,4685.0,4467.75,31,8
P0004,2022-08-14,5005,5633.0,4340.0,4872.0,4704.75,32,8
P0004,2022-08-21,4312,5005.0,5633.0,3974.0,4738.0,33,8
P0004,2022-08-28,4814,4312.0,5005.0,4340.0,4822.5,34,8
P0004,2022-09-04,4292,4814.0,4312.0,5633.0,4941.0,35,9
P0004,2022-09-11,4904,4292.0,4814.0,5005.0,4605.75,36,9
P0004,2022-09-18,5128,4904.0,4292.0,4312.0,4580.5,37,9
P0004,2022-09-25,3846,5128.0,4904.0,4814.0,4784.5,38,9
P0004,2022-10-02,4702,3846.0,5128.0,4292.0,4542.5,39,10
P0004,2022-10-09,4283,4702.0,3846.0,4904.0,4645.0,40,10
P0004,2022-10-16,5896,4283.0,4702.0,5128.0,4489.75,41,10
P0004,2022-10-23,5147,5896.0,4283.0,3846.0,4681.75,42,10
P0004,2022-10-30,4572,5147.0,5896.0,4702.0,5007.0,43,10
P0004,2022-11-06,4671,4572.0,5147.0,4283.0,4974.5,44,11
P0004,2022-11-13,4165,4671.0,4572.0,5896.0,5071.5,45,11
P0004,2022-11-20,5639,4165.0,4671.0,5147.0,4638.75,46,11
P0004,2022-11-27,4583,5639.0,4165.0,4572.0,4761.75,47,11
P0004,2022-12-04,6420,4583.0,5639.0,4671.0,4764.5,48,12
P0004,2022-12-11,3550,6420.0,4583.0,4165.0,5201.75,49,12
P0004,2022-12-18,4861,3550.0,6420.0,5639.0,5048.0,50,12
P0004,2022-12-25,4990,4861.0,3550.0,4583.0,4853.5,51,12
P0004,2023-01-01,4794,4990.0,4861.0,6420.0,4955.25,52,1
P0004,2023-01-08,4623,4794.0,4990.0,3550.0,4548.75,1,1
P0004,2023-01-15,5002,4623.0,4794.0,4861.0,4817.0,2,1
P0004,2023-01-22,4585,5002.0,4623.0,4990.0,4852.25,3,1
P0004,2023-01-29,4819,4585.0,5002.0,4794.0,4751.0,4,1
P0004,2023-02-05,4455,4819.0,4585.0,4623.0,4757.25,5,2
P0004,2023-02-12,4935,4455.0,4819.0,5002.0,4715.25,6,2
P0004,2023-02-19,5887,4935.0,4455.0,4585.0,4698.5,7,2
P0004,2023-02-26,5297,5887.0,4935.0,4819.0,5024.0,8,2
P0004,2023-03-05,4886,5297.0,5887.0,4455.0,5143.5,9,3
P0004,2023-03-12,5543,4886.0,5297.0,4935.0,5251.25,10,3
P0004,2023-03-19,4426,5543.0,4886.0,5887.0,5403.25,11,3
P0004,2023-03-26,4317,4426.0,5543.0,5297.0,5038.0,12,3
P0004,2023-04-02,5167,4317.0,4426.0,4886.0,4793.0,13,4
P0004,2023-04-09,4788,5167.0,4317.0,5543.0,4863.25,14,4
P0004,2023-04-16,3785,4788.0,5167.0,4426.0,4674.5,15,4
P0004,2023-04-23,4302,3785.0,4788.0,4317.0,4514.25,16,4
P0004,2023-04-30,5299,4302.0,3785.0,5167.0,4510.5,17,4
P0004,2023-05-07,5200,5299.0,4302.0,4788.0,4543.5,18,5
P0004,2023-05-14,4365,5200.0,5299.0,3785.0,4646.5,19,5
P0004,2023-05-21,5619,4365.0,5200.0,4302.0,4791.5,20,5
P0004,2023-05-28,4800,5619.0,4365.0,5299.0,5120.75,21,5
P0004,2023-06-04,4596,4800.0,5619.0,5200.0,4996.0,22,6
P0004,2023-06-11,5160,4596.0,4800.0,4365.0,4845.0,23,6
P0004,2023-06-18,4636,5160.0,4596.0,5619.0,5043.75,24,6
P0004,2023-06-25,5653,4636.0,5160.0,4800.0,4798.0,25,6
P0004,2023-07-02,4833,5653.0,4636.0,4596.0,5011.25,26,7
P0004,2023-07-09,4495,4833.0,5653.0,5160.0,5070.5,27,7
P0004,2023-07-16,4050,4495.0,4833.0,4636.0,4904.25,28,7
P0004,2023-07-23,5598,4050.0,4495.0,5653.0,4757.75,29,7
P0004,2023-07-30,4456,5598.0,4050.0,4833.0,4744.0,30,7
P0004,2023-08-06,4479,4456.0,5598.0,4495.0,4649.75,31,8
P0004,2023-08-13,4197,4479.0,4456.0,4050.0,4645.75,32,8
P0004,2023-08-20,3886,4197.0,4479.0,5598.0,4682.5,33,8
P0004,2023-08-27,3548,3886.0,4197.0,4456.0,4254.5,34,8
P0004,2023-09-03,4146,3548.0,3886.0,4479.0,4027.5,35,9
P0004,2023-09-10,5109,4146.0,3548.0,4197.0,3944.25,36,9
P0004,2023-09-17,4975,5109.0,4146.0,3886.0,4172.25,37,9
P0004,2023-09-24,5072,4975.0,5109.0,3548.0,4444.5,38,9
P0004,2023-10-01,4202,5072.0,4975.0,4146.0,4825.5,39,10
P0004,2023-10-08,3595,4202.0,5072.0,5109.0,4839.5,40,10
P0004,2023-10-15,3856,3595.0,4202.0,4975.0,4461.0,41,10
P0004,2023-10-22,5237,3856.0,3595.0,5072.0,4181.25,42,10
P0004,2023-10-29,5392,5237.0,3856.0,4202.0,4222.5,43,10
P0004,2023-11-05,3938,5392.0,5237.0,3595.0,4520.0,44,11
P0004,2023-11-12,4171,3938.0,5392.0,3856.0,4605.75,45,11
P0004,2023-11-19,6198,4171.0,3938.0,5237.0,4684.5,46,11
P0004,2023-11-26,5077,6198.0,4171.0,5392.0,4924.75,47,11
P0004,2023-12-03,4235,5077.0,6198.0,3938.0,4846.0,48,12
P0004,2023-12-10,5118,4235.0,5077.0,4171.0,4920.25,49,12
P0004,2023-12-17,4153,5118.0,4235.0,6198.0,5157.0,50,12
P0004,2023-12-24,4835,4153.0,5118.0,5077.0,4645.75,51,12
P0004,2023-12-31,4796,4835.0,4153.0,4235.0,4585.25,52,12
P0004,2024-01-07,355,4796.0,4835.0,5118.0,4725.5,1,1
P0005,2022-01-02,1431,,,,,52,1
P0005,2022-01-09,5382,1431.0,,,,1,1
P0005,2022-01-16,4374,5382.0,1431.0,,,2,1
P0005,2022-01-23,5270,4374.0,5382.0,,,3,1
P0005,2022-01-30,4479,5270.0,4374.0,1431.0,4114.25,4,1
P0005,2022-02-06,5488,4479.0,5270.0,5382.0,4876.25,5,2
P0005,2022-02-13,4066,5488.0,4479.0,4374.0,4902.75,6,2
P0005,2022-02-20,4642,4066.0,5488.0,5270.0,4825.75,7,2
P0005,2022-02-27,4194,4642.0,4066.0,4479.0,4668.75,8,2
P0005,2022-03-06,4384,4194.0,4642.0,5488.0,4597.5,9,3
P0005,2022-03-13,4820,4384.0,4194.0,4066.0,4321.5,10,3
P0005,2022-03-20,4311,4820.0,4384.0,4642.0,4510.0,11,3
P0005,2022-03-27,4572,4311.0,4820.0,4194.0,4427.25,12,3
P0005,2022-04-03,5411,4572.0,4311.0,4384.0,4521.75,13,4
P0005,2022-04-10,5176,5411.0,4572.0,4820.0,4778.5,14,4
P0005,2022-04-17,4412,5176.0,5411.0,4311.0,4867.5,15,4
P0005,2022-04-24,4245,4412.0,5176.0,4572.0,4892.75,16,4
P0005,2022-05-01,5438,4245.0,4412.0,5411.0,4811.0,17,5
P0005,2022-05-08,4942,5438.0,4245.0,5176.0,4817.75,18,5
P0005,2022-05-15,4191,4942.0,5438.0,4412.0,4759.25,19,5
P0005,2022-05-22,4376,4191.0,4942.0,4245.0,4704.0,20,5
P0005,2022-05-29,5393,4376.0,4191.0,5438.0,4736.75,21,5
P0005,2022-06-05,4955,5393.0,4376.0,4942.0,4725.5,22,6
P0005,2022-06-12,6168,4955.0,5393.0,4191.0,4728.75,23,6
P0005,2022-06-19,4767,6168.0,4955.0,4376.0,5223.0,24,6
P0005,2022-06-26,5718,4767.0,6168.0,5393.0,5320.75,25,6
P0005,2022-07-03,4805,5718.0,4767.0,4955.0,5402.0,26,7
P0005,2022-07-10,4910,4805.0,5718.0,6168.0,5364.5,27,7
P0005,2022-07-17,5387,4910.0,4805.0,4767.0,5050.0,28,7
P0005,2022-07-24,4270,5387.0,4910.0,5718.0,5205.0,29,7
P0005,2022-07-31,4978,4270.0,5387.0,4805.0,4843.0,30,7
P0005,2022-08-07,5683,4978.0,4270.0,4910.0,4886.25,31,8
P0005,2022-08-14,5540,5683.0,4978.0,5387.0,5079.5,32,8
P0005,2022-08-21,3916,5540.0,5683.0,4270.0,5117.75,33,8
P0005,2022-08-28,5288,3916.0,5540.0,4978.0,5029.25,34,8
P0005,2022-09-04,4735,5288.0,3916.0,5683.0,5106.75,35,9
P0005,2022-09-11,5187,4735.0,5288.0,5540.0,4869.75,36,9
P0005,2022-09-18,5361,5187.0,4735.0,3916.0,4781.5,37,9
P0005,2022-09-25,4848,5361.0,5187.0,5288.0,5142.75,38,9
P0005,2022-10-02,5256,4848.0,5361.0,4735.0,5032.75,39,10
P0005,2022-10-09,4081,5256.0,4848.0,5187.0,5163.0,40,10
P0005,2022-10-16,4707,4081.0,5256.0,5361.0,4886.5,41,10
P0005,2022-10-23,4619,4707.0,4081.0,4848.0,4723.0,42,10
P0005,2022-10-30,4661,4619.0,4707.0,5256.0,4665.75,43,10
P0005,2022-11-06,4397,4661.0,4619.0,4081.0,4517.0,44,11
P0005,2022-11-13,5034,4397.0,4661.0,4707.0,4596.0,45,11
P0005,2022-11-20,5197,5034.0,4397.0,4619.0,4677.75,46,11
P0005,2022-11-27,6352,5197.0,5034.0,4661.0,4822.25,47,11
P0005,2022-12-04,5585,6352.0,5197.0,4397.0,5245.0,48,12
P0005,2022-12-11,3901,5585.0,6352.0,5034.0,5542.0,49,12
P0005,2022-12-18,5228,3901.0,5585.0,5197.0,5258.75,50,12
P0005,2022-12-25,5090,5228.0,3901.0,6352.0,5266.5,51,12
P0005,2023-01-01,5895,5090.0,5228.0,5585.0,4951.0,52,1
P0005,2023-01-08,4751,5895.0,5090.0,3901.0,5028.5,1,1
P0005,2023-01-15,5344,4751.0,5895.0,5228.0,5241.0,2,1
P0005,2023-01-22,5447,5344.0,4751.0,5090.0,5270.0,3,1
P0005,2023-01-29,4520,5447.0,5344.0,5895.0,5359.25,4,1
P0005,2023-02-05,4084,4520.0,5447.0,4751.0,5015.5,5,2
P0005,2023-02-12,4501,4084.0,4520.0,5344.0,4848.75,6,2
P0005,2023-02-19,5801,4501.0,4084.0,5447.0,4638.0,7,2
P0005,2023-02-26,3879,5801.0,4501.0,4520.0,4726.5,8,2
P0005,2023-03-05,4166,3879.0,5801.0,4084.0,4566.25,9,3
P0005,2023-03-12,3789,4166.0,3879.0,4501.0,4586.75,10,3
P0005,2023-03-19,5384,3789.0,4166.0,5801.0,4408.75,11,3
P0005,2023-03-26,4821,5384.0,3789.0,3879.0,4304.5,12,3
P0005,2023-04-02,4444,4821.0,5384.0,4166.0,4540.0,13,4
P0005,2023-04-09,4510,4444.0,4821.0,3789.0,4609.5,14,4
P0005,2023-04-16,4893,4510.0,4444.0,5384.0,4789.75,15,4
P0005,2023-04-23,4648,4893.0,4510.0,4821.0,4667.0,16,4
P0005,2023-04-30,5207,4648.0,4893.0,4444.0,4623.75,17,4
P0005,2023-05-07,5452,5207.0,4648.0,4510.0,4814.5,18,5
P0005,2023-05-14,4736,5452.0,5207.0,4893.0,5050.0,19,5
P0005,2023-05-21,4082,4736.0,5452.0,4648.0,5010.75,20,5
P0005,2023-05-28,5087,4082.0,4736.0,5207.0,4869.25,21,5
P0005,2023-06-04,4380,5087.0,4082.0,5452.0,4839.25,22,6
P0005,2023-06-11,4892,4380.0,5087.0,4736.0,4571.25,23,6
P0005,2023-06-18,5145,4892.0,4380.0,4082.0,4610.25,24,6
P0005,2023-06-25,5415,5145.0,4892.0,5087.0,4876.0,25,6
P0005,2023-07-02,4710,5415.0,5145.0,4380.0,4958.0,26,7
P0005,2023-07-09,3854,4710.0,5415.0,4892.0,5040.5,27,7
P0005,2023-07-16,5355,3854.0,4710.0,5145.0,4781.0,28,7
P0005,2023-07-23,4353,5355.0,3854.0,5415.0,4833.5,29,7
P0005,2023-07-30,5194,4353.0,5355.0,4710.0,4568.0,30,7
P0005,2023-08-06,5013,5194.0,4353.0,3854.0,4689.0,31,8
P0005,2023-08-13,5311,5013.0,5194.0,5355.0,4978.75,32,8
P0005,2023-08-20,3918,5311.0,5013.0,4353.0,4967.75,33,8
P0005,2023-08-27,4554,3918.0,5311.0,5194.0,4859.0,34,8
P0005,2023-09-03,4134,4554.0,3918.0,5013.0,4699.0,35,9
P0005,2023-09-10,4562,4134.0,4554.0,5311.0,4479.25,36,9
P0005,2023-09-17,4090,4562.0,4134.0,3918.0,4292.0,37,9
P0005,2023-09-24,4586,4090.0,4562.0,4554.0,4335.0,38,9
P0005,2023-10-01,4476,4586.0,4090.0,4134.0,4343.0,39,10
P0005,2023-10-08,4610,4476.0,4586.0,4562.0,4428.5,40,10
P0005,2023-10-15,4373,4610.0,4476.0,4090.0,4440.5,41,10
P0005,2023-10-22,5376,4373.0,4610.0,4586.0,4511.25,42,10
P0005,2023-10-29,5361,5376.0,4373.0,4476.0,4708.75,43,10
P0005,2023-11-05,5160,5361.0,5376.0,4610.0,4930.0,44,11
P0005,2023-11-12,3982,5160.0,5361.0,4373.0,5067.5,45,11
P0005,2023-11-19,4067,3982.0,5160.0,5376.0,4969.75,46,11
P0005,2023-11-26,4532,4067.0,3982.0,5361.0,4642.5,47,11
P0005,2023-12-03,4889,4532.0,4067.0,5160.0,4435.25,48,12
P0005,2023-12-10,4135,4889.0,4532.0,3982.0,4367.5,49,12
P0005,2023-12-17,4767,4135.0,4889.0,4067.0,4405.75,50,12
P0005,2023-12-24,4642,4767.0,4135.0,4532.0,4580.75,51,12
P0005,2023-12-31,5721,4642.0,4767.0,4889.0,4608.25,52,12
P0005,2024-01-07,1029,5721.0,4642.0,4135.0,4816.25,1,1
P0006,2022-01-02,1624,,,,,52,1
P0006,2022-01-09,4648,1624.0,,,,1,1
P0006,2022-01-16,4602,4648.0,1624.0,,,2,1
P0006,2022-01-23,4381,4602.0,4648.0,,,3,1
P0006,2022-01-30,5732,4381.0,4602.0,1624.0,3813.75,4,1
P0006,2022-02-06,4626,5732.0,4381.0,4648.0,4840.75,5,2
P0006,2022-02-13,4671,4626.0,5732.0,4602.0,4835.25,6,2
P0006,2022-02-20,5496,4671.0,4626.0,4381.0,4852.5,7,2
P0006,2022-02-27,4435,5496.0,4671.0,5732.0,5131.25,8,2
P0006,2022-03-06,4661,4435.0,5496.0,4626.0,4807.0,9,3
P0006,2022-03-13,5527,4661.0,4435.0,4671.0,4815.75,10,3
P0006,2022-03-20,4338,5527.0,4661.0,5496.0,5029.75,11,3
P0006,2022-03-27,6307,4338.0,5527.0,4435.0,4740.25,12,3
P0006,2022-04-03,4954,6307.0,4338.0,4661.0,5208.25,13,4
P0006,2022-04-10,4650,4954.0,6307.0,5527.0,5281.5,14,4
P0006,2022-04-17,4864,4650.0,4954.0,4338.0,5062.25,15,4
P0006,2022-04-24,5078,4864.0,4650.0,6307.0,5193.75,16,4
P0006,2022-05-01,4940,5078.0,4864.0,4954.0,4886.5,17,5
P0006,2022-05-08,4732,4940.0,5078.0,4650.0,4883.0,18,5
P0006,2022-05-15,5086,4732.0,4940.0,4864.0,4903.5,19,5
P0006,2022-05-22,4122,5086.0,4732.0,5078.0,4959.0,20,5
P0006,2022-05-29,5137,4122.0,5086.0,4940.0,4720.0,21,5
P0006,2022-06-05,4135,5137.0,4122.0,4732.0,4769.25,22,6
P0006,2022-06-12,5091,4135.0,5137.0,5086.0,4620.0,23,6
P0006,2022-06-19,4328,5091.0,4135.0,4122.0,4621.25,24,6
P0006,2022-06-26,4788,4328.0,5091.0,5137.0,4672.75,25,6
P0006,2022-07-03,4963,4788.0,4328.0,4135.0,4585.5,26,7
P0006,2022-07-10,4045,4963.0,4788.0,5091.0,4792.5,27,7
P0006,2022-07-17,5785,4045.0,4963.0,4328.0,4531.0,28,7
P0006,2022-07-24,4486,5785.0,4045.0,4788.0,4895.25,29,7
P0006,2022-07-31,3760,4486.0,5785.0,4963.0,4819.75,30,7
P0006,2022-08-07,4772,3760.0,4486.0,4045.0,4519.0,31,8
P0006,2022-08-14,3345,4772.0,3760.0,5785.0,4700.75,32,8
P0006,2022-08-21,4584,3345.0,4772.0,4486.0,4090.75,33,8
P0006,2022-08-28,5669,4584.0,3345.0,3760.0,4115.25,34,8
P0006,2022-09-04,5511,5669.0,4584.0,4772.0,4592.5,35,9
P0006,2022-09-11,4189,5511.0,5669.0,3345.0,4777.25,36,9
P0006,2022-09-18,5116,4189.0,5511.0,4584.0,4988.25,37,9
P0006,2022-09-25,5338,5116.0,4189.0,5669.0,5121.25,38,9
P0006,2022-10-02,4328,5338.0,5116.0,5511.0,5038.5,39,10
P0006,2022-10-09,5413,4328.0,5338.0,4189.0,4742.75,40,10
P0006,2022-10-16,4855,5413.0,4328.0,5116.0,5048.75,41,10
P0006,2022-10-23,4335,4855.0,5413.0,5338.0,4983.5,42,10
P0006,2022-10-30,7164,4335.0,4855.0,4328.0,4732.75,43,10
P0006,2022-11-06,4942,7164.0,4335.0,5413.0,5441.75,44,11
P0006,2022-11-13,5261,4942.0,7164.0,4855.0,5324.0,45,11
P0006,2022-11-20,4473,5261.0,4942.0,4335.0,5425.5,46,11
P0006,2022-11-27,4375,4473.0,5261.0,7164.0,5460.0,47,11
P0006,2022-12-04,4477,4375.0,4473.0,4942.0,4762.75,48,12
P0006,2022-12-11,4732,4477.0,4375.0,5261.0,4646.5,49,12
P0006,2022-12-18,4044,4732.0,4477.0,4473.0,4514.25,50,12
P0006,2022-12-25,4067,4044.0,4732.0,4375.0,4407.0,51,12
P0006,2023-01-01,4788,4067.0,4044.0,4477.0,4330.0,52,1
P0006,2023-01-08,4128,4788.0,4067.0,4732.0,4407.75,1,1
P0006,2023-01-15,5024,4128.0,4788.0,4044.0,4256.75,2,1
P0006,2023-01-22,4659,5024.0,4128.0,4067.0,4501.75,3,1
P0006,2023-01-29,4808,4659.0,5024.0,4788.0,4649.75,4,1
P0006,2023-02-05,4344,4808.0,4659.0,4128.0,4654.75,5,2
P0006,2023-02-12,3811,4344.0,4808.0,5024.0,4708.75,6,2
P0006,2023-02-19,4721,3811.0,4344.0,4659.0,4405.5,7,2
P0006,2023-02-26,4754,4721.0,3811.0,4808.0,4421.0,8,2
P0006,2023-03-05,5202,4754.0,4721.0,4344.0,4407.5,9,3
P0006,2023-03-12,4035,5202.0,4754.0,3811.0,4622.0,10,3
P0006,2023-03-19,5534,4035.0,5202.0,4721.0,4678.0,11,3
P0006,2023-03-26,5489,5534.0,4035.0,4754.0,4881.25,12,3
P0006,2023-04-02,4799,5489.0,5534.0,5202.0,5065.0,13,4
P0006,2023-04-09,5295,4799.0,5489.0,4035.0,4964.25,14,4
P0006,2023-04-16,4741,5295.0,4799.0,5534.0,5279.25,15,4
P0006,2023-04-23,3800,4741.0,5295.0,5489.0,5081.0,16,4
P0006,2023-04-30,4214,3800.0,4741.0,4799.0,4658.75,17,4
P0006,2023-05-07,3925,4214.0,3800.0,5295.0,4512.5,18,5
P0006,2023-05-14,4324,3925.0,4214.0,4741.0,4170.0,19,5
P0006,2023-05-21,4885,4324.0,3925.0,3800.0,4065.75,20,5
P0006,2023-05-28,4171,4885.0,4324.0,4214.0,4337.0,21,5
P0006,2023-06-04,3605,4171.0,4885.0,3925.0,4326.25,22,6
P0006,2023-06-11,4716,3605.0,4171.0,4324.0,4246.25,23,6
P0006,2023-06-18,5649,4716.0,3605.0,4885.0,4344.25,24,6
P0006,2023-06-25,4611,5649.0,4716.0,4171.0,4535.25,25,6
P0006,2023-07-02,6437,4611.0,5649.0,3605.0,4645.25,26,7
P0006,2023-07-09,4627,6437.0,4611.0,4716.0,5353.25,27,7
P0006,2023-07-16,4726,4627.0,6437.0,5649.0,5331.0,28,7
P0006,2023-07-23,5005,4726.0,4627.0,4611.0,5100.25,29,7
P0006,2023-07-30,4188,5005.0,4726.0,6437.0,5198.75,30,7
P0006,2023-08-06,5565,4188.0,5005.0,4627.0,4636.5,31,8
P0006,2023-08-13,4764,5565.0,4188.0,4726.0,4871.0,32,8
P0006,2023-08-20,4004,4764.0,5565.0,5005.0,4880.5,33,8
P0006,2023-08-27,5030,4004.0,4764.0,4188.0,4630.25,34,8
P0006,2023-09-03,4293,5030.0,4004.0,5565.0,4840.75,35,9
P0006,2023-09-10,4159,4293.0,5030.0,4764.0,4522.75,36,9
P0006,2023-09-17,4590,4159.0,4293.0,4004.0,4371.5,37,9
P0006,2023-09-24,4471,4590.0,4159.0,5030.0,4518.0,38,9
P0006,2023-10-01,6304,4471.0,4590.0,4293.0,4378.25,39,10
P0006,2023-10-08,4447,6304.0,4471.0,4159.0,4881.0,40,10
P0006,2023-10-15,4439,4447.0,6304.0,4590.0,4953.0,41,10
P0006,2023-10-22,5360,4439.0,4447.0,4471.0,4915.25,42,10
P0006,2023-10-29,4752,5360.0,4439.0,6304.0,5137.5,43,10
P0006,2023-11-05,4666,4752.0,5360.0,4447.0,4749.5,44,11
P0006,2023-11-12,5940,4666.0,4752.0,4439.0,4804.25,45,11
P0006,2023-11-19,5036,5940.0,4666.0,5360.0,5179.5,46,11
P0006,2023-11-26,4400,5036.0,5940.0,4752.0,5098.5,47,11
P0006,2023-12-03,3791,4400.0,5036.0,4666.0,5010.5,48,12
P0006,2023-12-10,4944,3791.0,4400.0,5940.0,4791.75,49,12
P0006,2023-12-17,3751,4944.0,3791.0,5036.0,4542.75,50,12
P0006,2023-12-24,4271,3751.0,4944.0,4400.0,4221.5,51,12
P0006,2023-12-31,5177,4271.0,3751.0,3791.0,4189.25,52,12
P0006,2024-01-07,980,5177.0,4271.0,4944.0,4535.75,1,1
P0007,2022-01-02,1441,,,,,52,1
P0007,2022-01-09,5376,1441.0,,,,1,1
P0007,2022-01-16,4570,5376.0,1441.0,,,2,1
P0007,2022-01-23,4730,4570.0,5376.0,,,3,1
P0007,2022-01-30,5887,4730.0,4570.0,1441.0,4029.25,4,1
P0007,2022-02-06,5455,5887.0,4730.0,5376.0,5140.75,5,2
P0007,2022-02-13,4945,5455.0,5887.0,4570.0,5160.5,6,2
P0007,2022-02-20,3706,4945.0,5455.0,4730.0,5254.25,7,2
P0007,2022-02-27,5422,3706.0,4945.0,5887.0,4998.25,8,2
P0007,2022-03-06,5084,5422.0,3706.0,5455.0,4882.0,9,3
P0007,2022-03-13,5594,5084.0,5422.0,4945.0,4789.25,10,3
P0007,2022-03-20,3322,5594.0,5084.0,3706.0,4951.5,11,3
P0007,2022-03-27,5014,3322.0,5594.0,5422.0,4855.5,12,3
P0007,2022-04-03,4280,5014.0,3322.0,5084.0,4753.5,13,4
P0007,2022-04-10,5514,4280.0,5014.0,5594.0,4552.5,14,4
P0007,2022-04-17,5450,5514.0,4280.0,3322.0,4532.5,15,4
P0007,2022-04-24,4881,5450.0,5514.0,5014.0,5064.5,16,4
P0007,2022-05-01,6364,4881.0,5450.0,4280.0,5031.25,17,5
P0007,2022-05-08,4318,6364.0,4881.0,5514.0,5552.25,18,5
P0007,2022-05-15,5049,4318.0,6364.0,5450.0,5253.25,19,5
P0007,2022-05-22,4746,5049.0,4318.0,4881.0,5153.0,20,5
P0007,2022-05-29,5203,4746.0,5049.0,6364.0,5119.25,21,5
P0007,2022-06-05,4909,5203.0,4746.0,4318.0,4829.0,22,6
P0007,2022-06-12,3533,4909.0,5203.0,5049.0,4976.75,23,6
P0007,2022-06-19,5671,3533.0,4909.0,4746.0,4597.75,24,6
P0007,2022-06-26,5524,5671.0,3533.0,5203.0,4829.0,25,6
P0007,2022-07-03,4225,5524.0,5671.0,4909.0,4909.25,26,7
P0007,2022-07-10,5708,4225.0,5524.0,3533.0,4738.25,27,7
P0007,2022-07-17,4917,5708.0,4225.0,5671.0,5282.0,28,7
P0007,2022-07-24,4030,4917.0,5708.0,5524.0,5093.5,29,7
P0007,2022-07-31,4115,4030.0,4917.0,4225.0,4720.0,30,7
P0007,2022-08-07,5463,4115.0,4030.0,5708.0,4692.5,31,8
P0007,2022-08-14,4859,5463.0,4115.0,4917.0,4631.25,32,8
P0007,2022-08-21,4747,4859.0,5463.0,4030.0,4616.75,33,8
P0007,2022-08-28,5038,4747.0,4859.0,4115.0,4796.0,34,8
P0007,2022-09-04,4425,5038.0,4747.0,5463.0,5026.75,35,9
P0007,2022-09-11,4446,4425.0,5038.0,4859.0,4767.25,36,9
P0007,2022-09-18,4264,4446.0,4425.0,4747.0,4664.0,37,9
P0007,2022-09-25,4544,4264.0,4446.0,5038.0,4543.25,38,9
P0007,2022-10-02,4287,4544.0,4264.0,4425.0,4419.75,39,10
P0007,2022-10-09,5891,4287.0,4544.0,4446.0,4385.25,40,10
P0007,2022-10-16,4494,5891.0,4287.0,4264.0,4746.5,41,10
P0007,2022-10-23,5591,4494.0,5891.0,4544.0,4804.0,42,10
P0007,2022-10-30,5662,5591.0,4494.0,4287.0,5065.75,43,10
P0007,2022-11-06,5242,5662.0,5591.0,5891.0,5409.5,44,11
P0007,2022-11-13,3283,5242.0,5662.0,4494.0,5247.25,45,11
P0007,2022-11-20,4823,3283.0,5242.0,5591.0,4944.5,46,11
P0007,2022-11-27,5195,4823.0,3283.0,5662.0,4752.5,47,11
P0007,2022-12-04,5747,5195.0,4823.0,5242.0,4635.75,48,12
P0007,2022-12-11,3193,5747.0,5195.0,3283.0,4762.0,49,12
P0007,2022-12-18,4958,3193.0,5747.0,4823.0,4739.5,50,12
P0007,2022-12-25,4043,4958.0,3193.0,5195.0,4773.25,51,12
P0007,2023-01-01,5125,4043.0,4958.0,5747.0,4485.25,52,1
P0007,2023-01-08,4906,5125.0,4043.0,3193.0,4329.75,1,1
P0007,2023-01-15,5219,4906.0,5125.0,4958.0,4758.0,2,1
P0007,2023-01-22,4466,5219.0,4906.0,4043.0,4823.25,3,1
P0007,2023-01-29,5002,4466.0,5219.0,5125.0,4929.0,4,1
P0007,2023-02-05,4431,5002.0,4466.0,4906.0,4898.25,5,2
P0007,2023-02-12,4259,4431.0,5002.0,5219.0,4779.5,6,2
P0007,2023-02-19,5500,4259.0,4431.0,4466.0,4539.5,7,2
P0007,2023-02-26,4944,5500.0,4259.0,5002.0,4798.0,8,2
P0007,2023-03-05,4621,4944.0,5500.0,4431.0,4783.5,9,3
P0007,2023-03-12,5031,4621.0,4944.0,4259.0,4831.0,10,3
P0007,2023-03-19,5032,5031.0,4621.0,5500.0,5024.0,11,3
P0007,2023-03-26,4509,5032.0,5031.0,4944.0,4907.0,12,3
P0007,2023-04-02,4999,4509.0,5032.0,4621.0,4798.25,13,4
P0007,2023-04-09,4336,4999.0,4509.0,5031.0,4892.75,14,4
P0007,2023-04-16,5148,4336.0,4999.0,5032.0,4719.0,15,4
P0007,2023-04-23,3763,5148.0,4336.0,4509.0,4748.0,16,4
P0007,2023-04-30,5500,3763.0,5148.0,4999.0,4561.5,17,4
P0007,2023-05-07,5356,5500.0,3763.0,4336.0,4686.75,18,5
P0007,2023-05-14,4923,5356.0,5500.0,5148.0,4941.75,19,5
P0007,2023-05-21,4676,4923.0,5356.0,3763.0,4885.5,20,5
P0007,2023-05-28,4773,4676.0,4923.0,5500.0,5113.75,21,5
P0007,2023-06-04,5498,4773.0,4676.0,5356.0,4932.0,22,6
P0007,2023-06-11,3965,5498.0,4773.0,4923.0,4967.5,23,6
P0007,2023-06-18,3692,3965.0,5498.0,4676.0,4728.0,24,6
P0007,2023-06-25,4355,3692.0,3965.0,4773.0,4482.0,25,6
P0007,2023-07-02,4595,4355.0,3692.0,5498.0,4377.5,26,7
P0007,2023-07-09,4628,4595.0,4355.0,3965.0,4151.75,27,7
P0007,2023-07-16,4768,4628.0,4595.0,3692.0,4317.5,28,7
P0007,2023-07-23,5089,4768.0,4628.0,4355.0,4586.5,29,7
P0007,2023-07-30,4261,5089.0,4768.0,4595.0,4770.0,30,7
P0007,2023-08-06,5401,4261.0,5089.0,4628.0,4686.5,31,8
P0007,2023-08-13,3630,5401.0,4261.0,4768.0,4879.75,32,8
P0007,2023-08-20,4740,3630.0,5401.0,5089.0,4595.25,33,8
P0007,2023-08-27,4912,4740.0,3630.0,4261.0,4508.0,34,8
P0007,2023-09-03,4013,4912.0,4740.0,5401.0,4670.75,35,9
P0007,2023-09-10,4333,4013.0,4912.0,3630.0,4323.75,36,9
P0007,2023-09-17,4216,4333.0,4013.0,4740.0,4499.5,37,9
P0007,2023-09-24,4745,4216.0,4333.0,4912.0,4368.5,38,9
P0007,2023-10-01,4886,4745.0,4216.0,4013.0,4326.75,39,10
P0007,2023-10-08,4442,4886.0,4745.0,4333.0,4545.0,40,10
P0007,2023-10-15,4490,4442.0,4886.0,4216.0,4572.25,41,10
P0007,2023-10-22,4549,4490.0,4442.0,4745.0,4640.75,42,10
P0007,2023-10-29,4144,4549.0,4490.0,4886.0,4591.75,43,10
P0007,2023-11-05,4591,4144.0,4549.0,4442.0,4406.25,44,11
P0007,2023-11-12,5006,4591.0,4144.0,4490.0,4443.5,45,11
P0007,2023-11-19,4598,5006.0,4591.0,4549.0,4572.5,46,11
P0007,2023-11-26,4680,4598.0,5006.0,4144.0,4584.75,47,11
P0007,2023-12-03,4930,4680.0,4598.0,4591.0,4718.75,48,12
P0007,2023-12-10,5150,4930.0,4680.0,5006.0,4803.5,49,12
P0007,2023-12-17,5114,5150.0,4930.0,4598.0,4839.5,50,12
P0007,2023-12-24,4484,5114.0,5150.0,4680.0,4968.5,51,12
P0007,2023-12-31,5490,4484.0,5114.0,4930.0,4919.5,52,12
P0007,2024-01-07,229,5490.0,4484.0,5150.0,5059.5,1,1
P0008,2022-01-02,1285,,,,,52,1
P0008,2022-01-09,5524,1285.0,,,,1,1
P0008,2022-01-16,3919,5524.0,1285.0,,,2,1
P0008,2022-01-23,4448,3919.0,5524.0,,,3,1
P0008,2022-01-30,4245,4448.0,3919.0,1285.0,3794.0,4,1
P0008,2022-02-06,4580,4245.0,4448.0,5524.0,4534.0,5,2
P0008,2022-02-13,4261,4580.0,4245.0,3919.0,4298.0,6,2
P0008,2022-02-20,4647,4261.0,4580.0,4448.0,4383.5,7,2
P0008,2022-02-27,4188,4647.0,4261.0,4245.0,4433.25,8,2
P0008,2022-03-06,5239,4188.0,4647.0,4580.0,4419.0,9,3
P0008,2022-03-13,4294,5239.0,4188.0,4261.0,4583.75,10,3
P0008,2022-03-20,5063,4294.0,5239.0,4647.0,4592.0,11,3
P0008,2022-03-27,4929,5063.0,4294.0,4188.0,4696.0,12,3
P0008,2022-04-03,5192,4929.0,5063.0,5239.0,4881.25,13,4
P0008,2022-04-10,5649,5192.0,4929.0,4294.0,4869.5,14,4
P0008,2022-04-17,4128,5649.0,5192.0,5063.0,5208.25,15,4
P0008,2022-04-24,3846,4128.0,5649.0,4929.0,4974.5,16,4
P0008,2022-05-01,3741,3846.0,4128.0,5192.0,4703.75,17,5
P0008,2022-05-08,4284,3741.0,3846.0,5649.0,4341.0,18,5
P0008,2022-05-15,4652,4284.0,3741.0,4128.0,3999.75,19,5
P0008,2022-05-22,5179,4652.0,4284.0,3846.0,4130.75,20,5
P0008,2022-05-29,5072,5179.0,4652.0,3741.0,4464.0,21,5
P0008,2022-06-05,4117,5072.0,5179.0,4284.0,4796.75,22,6
P0008,2022-06-12,5480,4117.0,5072.0,4652.0,4755.0,23,6
P0008,2022-06-19,5128,5480.0,4117.0,5179.0,4962.0,24,6
P0008,2022-06-26,4711,5128.0,5480.0,5072.0,4949.25,25,6
P0008,2022-07-03,4918,4711.0,5128.0,4117.0,4859.0,26,7
P0008,2022-07-10,5174,4918.0,4711.0,5480.0,5059.25,27,7
P0008,2022-07-17,5438,5174.0,4918.0,5128.0,4982.75,28,7
P0008,2022-07-24,4726,5438.0,5174.0,4711.0,5060.25,29,7
P0008,2022-07-31,5518,4726.0,5438.0,4918.0,5064.0,30,7
P0008,2022-08-07,4612,5518.0,4726.0,5174.0,5214.0,31,8
P0008,2022-08-14,3797,4612.0,5518.0,5438.0,5073.5,32,8
P0008,2022-08-21,5711,3797.0,4612.0,4726.0,4663.25,33,8
P0008,2022-08-28,4838,5711.0,3797.0,5518.0,4909.5,34,8
P0008,2022-09-04,6027,4838.0,5711.0,4612.0,4739.5,35,9
P0008,2022-09-11,4171,6027.0,4838.0,3797.0,5093.25,36,9
P0008,2022-09-18,4575,4171.0,6027.0,5711.0,5186.75,37,9
P0008,2022-09-25,4323,4575.0,4171.0,4838.0,4902.75,38,9
P0008,2022-10-02,4880,4323.0,4575.0,6027.0,4774.0,39,10
P0008,2022-10-09,4270,4880.0,4323.0,4171.0,4487.25,40,10
P0008,2022-10-16,4510,4270.0,4880.0,4575.0,4512.0,41,10
P0008,2022-10-23,4896,4510.0,4270.0,4323.0,4495.75,42,10
P0008,2022-10-30,3405,4896.0,4510.0,4880.0,4639.0,43,10
P0008,2022-11-06,6097,3405.0,4896.0,4270.0,4270.25,44,11
P0008,2022-11-13,5116,6097.0,3405.0,4510.0,4727.0,45,11
P0008,2022-11-20,4347,5116.0,6097.0,4896.0,4878.5,46,11
P0008,2022-11-27,3637,4347.0,5116.0,3405.0,4741.25,47,11
P0008,2022-12-04,3122,3637.0,4347.0,6097.0,4799.25,48,12
P0008,2022-12-11,4032,3122.0,3637.0,5116.0,4055.5,49,12
P0008,2022-12-18,3520,4032.0,3122.0,4347.0,3784.5,50,12
P0008,2022-12-25,3725,3520.0,4032.0,3637.0,3577.75,51,12
P0008,2023-01-01,5363,3725.0,3520.0,3122.0,3599.75,52,1
P0008,2023-01-08,4702,5363.0,3725.0,4032.0,4160.0,1,1
P0008,2023-01-15,4012,4702.0,5363.0,3520.0,4327.5,2,1
P0008,2023-01-22,3167,4012.0,4702.0,3725.0,4450.5,3,1
P0008,2023-01-29,4124,3167.0,4012.0,5363.0,4311.0,4,1
P0008,2023-02-05,3479,4124.0,3167.0,4702.0,4001.25,5,2
P0008,2023-02-12,5395,3479.0,4124.0,4012.0,3695.5,6,2
P0008,2023-02-19,4342,5395.0,3479.0,3167.0,4041.25,7,2
P0008,2023-02-26,6291,4342.0,5395.0,4124.0,4335.0,8,2
P0008,2023-03-05,4172,6291.0,4342.0,3479.0,4876.75,9,3
P0008,2023-03-12,4436,4172.0,6291.0,5395.0,5050.0,10,3
P0008,2023-03-19,4449,4436.0,4172.0,4342.0,4810.25,11,3
P0008,2023-03-26,4461,4449.0,4436.0,6291.0,4837.0,12,3
P0008,2023-04-02,3836,4461.0,4449.0,4172.0,4379.5,13,4
P0008,2023-04-09,4531,3836.0,4461.0,4436.0,4295.5,14,4
P0008,2023-04-16,4195,4531.0,3836.0,4449.0,4319.25,15,4
P0008,2023-04-23,5590,4195.0,4531.0,4461.0,4255.75,16,4
P0008,2023-04-30,5325,5590.0,4195.0,3836.0,4538.0,17,4
P0008,2023-05-07,3648,5325.0,5590.0,4531.0,4910.25,18,5
P0008,2023-05-14,5412,3648.0,5325.0,4195.0,4689.5,19,5
P0008,2023-05-21,4272,5412.0,3648.0,5590.0,4993.75,20,5
P0008,2023-05-28,5512,4272.0,5412.0,5325.0,4664.25,21,5
P0008,2023-06-04,4918,5512.0,4272.0,3648.0,4711.0,22,6
P0008,2023-06-11,5479,4918.0,5512.0,5412.0,5028.5,23,6
P0008,2023-06-18,3924,5479.0,4918.0,4272.0,5045.25,24,6
P0008,2023-06-25,4643,3924.0,5479.0,5512.0,4958.25,25,6
P0008,2023-07-02,5024,4643.0,3924.0,4918.0,4741.0,26,7
P0008,2023-07-09,4983,5024.0,4643.0,5479.0,4767.5,27,7
P0008,2023-07-16,5511,4983.0,5024.0,3924.0,4643.5,28,7
P0008,2023-07-23,5117,5511.0,4983.0,4643.0,5040.25,29,7
P0008,2023-07-30,4512,5117.0,5511.0,5024.0,5158.75,30,7
P0008,2023-08-06,5344,4512.0,5117.0,4983.0,5030.75,31,8
P0008,2023-08-13,5359,5344.0,4512.0,5511.0,5121.0,32,8
P0008,2023-08-20,5453,5359.0,5344.0,5117.0,5083.0,33,8
P0008,2023-08-27,4514,5453.0,5359.0,4512.0,5167.0,34,8
P0008,2023-09-03,4845,4514.0,5453.0,5344.0,5167.5,35,9
P0008,2023-09-10,3895,4845.0,4514.0,5359.0,5042.75,36,9
P0008,2023-09-17,5226,3895.0,4845.0,5453.0,4676.75,37,9
P0008,2023-09-24,3830,5226.0,3895.0,4514.0,4620.0,38,9
P0008,2023-10-01,3307,3830.0,5226.0,4845.0,4449.0,39,10
P0008,2023-10-08,4057,3307.0,3830.0,3895.0,4064.5,40,10
P0008,2023-10-15,4461,4057.0,3307.0,5226.0,4105.0,41,10
P0008,2023-10-22,4496,4461.0,4057.0,3830.0,3913.75,42,10
P0008,2023-10-29,6779,4496.0,4461.0,3307.0,4080.25,43,10
P0008,2023-11-05,4843,6779.0,4496.0,4057.0,4948.25,44,11
P0008,2023-11-12,4451,4843.0,6779.0,4461.0,5144.75,45,11
P0008,2023-11-19,4972,4451.0,4843.0,4496.0,5142.25,46,11
P0008,2023-11-26,5279,4972.0,4451.0,6779.0,5261.25,47,11
P0008,2023-12-03,5066,5279.0,4972.0,4843.0,4886.25,48,12
P0008,2023-12-10,4591,5066.0,5279.0,4451.0,4942.0,49,12
P0008,2023-12-17,4639,4591.0,5066.0,4972.0,4977.0,50,12
P0008,2023-12-24,5069,4639.0,4591.0,5279.0,4893.75,51,12
P0008,2023-12-31,5069,5069.0,4639.0,5066.0,4841.25,52,12
P0008,2024-01-07,1007,5069.0,5069.0,4591.0,4842.0,1,1
P0009,2022-01-02,907,,,,,52,1
P0009,2022-01-09,5179,907.0,,,,1,1
P0009,2022-01-16,5311,5179.0,907.0,,,2,1
P0009,2022-01-23,5738,5311.0,5179.0,,,3,1
P0009,2022-01-30,4058,5738.0,5311.0,907.0,4283.75,4,1
P0009,2022-02-06,4426,4058.0,5738.0,5179.0,5071.5,5,2
P0009,2022-02-13,4910,4426.0,4058.0,5311.0,4883.25,6,2
P0009,2022-02-20,5472,4910.0,4426.0,5738.0,4783.0,7,2
P0009,2022-02-27,4466,5472.0,4910.0,4058.0,4716.5,8,2
P0009,2022-03-06,4128,4466.0,5472.0,4426.0,4818.5,9,3
P0009,2022-03-13,4581,4128.0,4466.0,4910.0,4744.0,10,3
P0009,2022-03-20,4335,4581.0,4128.0,5472.0,4661.75,11,3
P0009,2022-03-27,4602,4335.0,4581.0,4466.0,4377.5,12,3
P0009,2022-04-03,6231,4602.0,4335.0,4128.0,4411.5,13,4
P0009,2022-04-10,4875,6231.0,4602.0,4581.0,4937.25,14,4
P0009,2022-04-17,4181,4875.0,6231.0,4335.0,5010.75,15,4
P0009,2022-04-24,3846,4181.0,4875.0,4602.0,4972.25,16,4
P0009,2022-05-01,4045,3846.0,4181.0,6231.0,4783.25,17,5
P0009,2022-05-08,6439,4045.0,3846.0,4875.0,4236.75,18,5
P0009,2022-05-15,5088,6439.0,4045.0,4181.0,4627.75,19,5
P0009,2022-05-22,4959,5088.0,6439.0,3846.0,4854.5,20,5
P0009,2022-05-29,4813,4959.0,5088.0,4045.0,5132.75,21,5
P0009,2022-06-05,4281,4813.0,4959.0,6439.0,5324.75,22,6
P0009,2022-06-12,3182,4281.0,4813.0,5088.0,4785.25,23,6
P0009,2022-06-19,4872,3182.0,4281.0,4959.0,4308.75,24,6
P0009,2022-06-26,5641,4872.0,3182.0,4813.0,4287.0,25,6
P0009,2022-07-03,4454,5641.0,4872.0,4281.0,4494.0,26,7
P0009,2022-07-10,4711,4454.0,5641.0,3182.0,4537.25,27,7
P0009,2022-07-17,4383,4711.0,4454.0,4872.0,4919.5,28,7
P0009,2022-07-24,4153,4383.0,4711.0,5641.0,4797.25,29,7
P0009,2022-07-31,4618,4153.0,4383.0,4454.0,4425.25,30,7
P0009,2022-08-07,4636,4618.0,4153.0,4711.0,4466.25,31,8
P0009,2022-08-14,4482,4636.0,4618.0,4383.0,4447.5,32,8
P0009,2022-08-21,5788,4482.0,4636.0,4153.0,4472.25,33,8
P0009,2022-08-28,4575,5788.0,4482.0,4618.0,4881.0,34,8
P0009,2022-09-04,4119,4575.0,5788.0,4636.0,4870.25,35,9
P0009,2022-09-11,5033,4119.0,4575.0,4482.0,4741.0,36,9
P0009,2022-09-18,4072,5033.0,4119.0,5788.0,4878.75,37,9
P0009,2022-09-25,6269,4072.0,5033.0,4575.0,4449.75,38,9
P0009,2022-10-02,4831,6269.0,4072.0,4119.0,4873.25,39,10
P0009,2022-10-09,5272,4831.0,6269.0,5033.0,5051.25,40,10
P0009,2022-10-16,5007,5272.0,4831.0,4072.0,5111.0,41,10
P0009,2022-10-23,5792,5007.0,5272.0,6269.0,5344.75,42,10
P0009,2022-10-30,4619,5792.0,5007.0,4831.0,5225.5,43,10
P0009,2022-11-06,4357,4619.0,5792.0,5272.0,5172.5,44,11
P0009,2022-11-13,5562,4357.0,4619.0,5007.0,4943.75,45,11
P0009,2022-11-20,5017,5562.0,4357.0,5792.0,5082.5,46,11
P0009,2022-11-27,5634,5017.0,5562.0,4619.0,4888.75,47,11
P0009,2022-12-04,5003,5634.0,5017.0,4357.0,5142.5,48,12
P0009,2022-12-11,3935,5003.0,5634.0,5562.0,5304.0,49,12
P0009,2022-12-18,6803,3935.0,5003.0,5017.0,4897.25,50,12
P0009,2022-12-25,3984,6803.0,3935.0,5634.0,5343.75,51,12
P0009,2023-01-01,5640,3984.0,6803.0,5003.0,4931.25,52,1
P0009,2023-01-08,4486,5640.0,3984.0,3935.0,5090.5,1,1
P0009,2023-01-15,3836,4486.0,5640.0,6803.0,5228.25,2,1
P0009,2023-01-22,4677,3836.0,4486.0,3984.0,4486.5,3,1
P0009,2023-01-29,3156,4677.0,3836.0,5640.0,4659.75,4,1
P0009,2023-02-05,3947,3156.0,4677.0,4486.0,4038.75,5,2
P0009,2023-02-12,5022,3947.0,3156.0,3836.0,3904.0,6,2
P0009,2023-02-19,4258,5022.0,3947.0,4677.0,4200.5,7,2
P0009,2023-02-26,3973,4258.0,5022.0,3156.0,4095.75,8,2
P0009,2023-03-05,4931,3973.0,4258.0,3947.0,4300.0,9,3
P0009,2023-03-12,5460,4931.0,3973.0,5022.0,4546.0,10,3
P0009,2023-03-19,4567,5460.0,4931.0,4258.0,4655.5,11,3
P0009,2023-03-26,3725,4567.0,5460.0,3973.0,4732.75,12,3
P0009,2023-04-02,4570,3725.0,4567.0,4931.0,4670.75,13,4
P0009,2023-04-09,4608,4570.0,3725.0,5460.0,4580.5,14,4
P0009,2023-04-16,4618,4608.0,4570.0,4567.0,4367.5,15,4
P0009,2023-04-23,4613,4618.0,4608.0,3725.0,4380.25,16,4
P0009,2023-04-30,4801,4613.0,4618.0,4570.0,4602.25,17,4
P0009,2023-05-07,4819,4801.0,4613.0,4608.0,4660.0,18,5
P0009,2023-05-14,3934,4819.0,4801.0,4618.0,4712.75,19,5
P0009,2023-05-21,5648,3934.0,4819.0,4613.0,4541.75,20,5
P0009,2023-05-28,4664,5648.0,3934.0,4801.0,4800.5,21,5
P0009,2023-06-04,5730,4664.0,5648.0,4819.0,4766.25,22,6
P0009,2023-06-11,6356,5730.0,4664.0,3934.0,4994.0,23,6
P0009,2023-06-18,4430,6356.0,5730.0,5648.0,5599.5,24,6
P0009,2023-06-25,4080,4430.0,6356.0,4664.0,5295.0,25,6
P0009,2023-07-02,4599,4080.0,4430.0,5730.0,5149.0,26,7
P0009,2023-07-09,4931,4599.0,4080.0,6356.0,4866.25,27,7
P0009,2023-07-16,5584,4931.0,4599.0,4430.0,4510.0,28,7
P0009,2023-07-23,5448,5584.0,4931.0,4080.0,4798.5,29,7
P0009,2023-07-30,5804,5448.0,5584.0,4599.0,5140.5,30,7
P0009,2023-08-06,4530,5804.0,5448.0,4931.0,5441.75,31,8
P0009,2023-08-13,3409,4530.0,5804.0,5584.0,5341.5,32,8
P0009,2023-08-20,5248,3409.0,4530.0,5448.0,4797.75,33,8
P0009,2023-08-27,4997,5248.0,3409.0,5804.0,4747.75,34,8
P0009,2023-09-03,5126,4997.0,5248.0,4530.0,4546.0,35,9
P0009,2023-09-10,5079,5126.0,4997.0,3409.0,4695.0,36,9
P0009,2023-09-17,4649,5079.0,5126.0,5248.0,5112.5,37,9
P0009,2023-09-24,4735,4649.0,5079.0,4997.0,4962.75,38,9
P0009,2023-10-01,4246,4735.0,4649.0,5126.0,4897.25,39,10
P0009,2023-10-08,5478,4246.0,4735.0,5079.0,4677.25,40,10
P0009,2023-10-15,5074,5478.0,4246.0,4649.0,4777.0,41,10
P0009,2023-10-22,5435,5074.0,5478.0,4735.0,4883.25,42,10
P0009,2023-10-29,4300,5435.0,5074.0,4246.0,5058.25,43,10
P0009,2023-11-05,5897,4300.0,5435.0,5478.0,5071.75,44,11
P0009,2023-11-12,3417,5897.0,4300.0,5074.0,5176.5,45,11
P0009,2023-11-19,4878,3417.0,5897.0,5435.0,4762.25,46,11
P0009,2023-11-26,5179,4878.0,3417.0,4300.0,4623.0,47,11
P0009,2023-12-03,4452,5179.0,4878.0,5897.0,4842.75,48,12
P0009,2023-12-10,4738,4452.0,5179.0,3417.0,4481.5,49,12
P0009,2023-12-17,6225,4738.0,4452.0,4878.0,4811.75,50,12
P0009,2023-12-24,5140,6225.0,4738.0,5179.0,5148.5,51,12
P0009,2023-12-31,4939,5140.0,6225.0,4452.0,5138.75,52,12
P0009,2024-01-07,325,4939.0,5140.0,4738.0,5260.5,1,1
P0010,2022-01-02,1173,,,,,52,1
P0010,2022-01-09,4296,1173.0,,,,1,1
P0010,2022-01-16,5299,4296.0,1173.0,,,2,1
P0010,2022-01-23,5064,5299.0,4296.0,,,3,1
P0010,2022-01-30,4868,5064.0,5299.0,1173.0,3958.0,4,1
P0010,2022-02-06,4975,4868.0,5064.0,4296.0,4881.75,5,2
P0010,2022-02-13,4218,4975.0,4868.0,5299.0,5051.5,6,2
P0010,2022-02-20,4861,4218.0,4975.0,5064.0,4781.25,7,2
P0010,2022-02-27,5191,4861.0,4218.0,4868.0,4730.5,8,2
P0010,2022-03-06,3715,5191.0,4861.0,4975.0,4811.25,9,3
P0010,2022-03-13,5154,3715.0,5191.0,4218.0,4496.25,10,3
P0010,2022-03-20,4919,5154.0,3715.0,4861.0,4730.25,11,3
P0010,2022-03-27,5274,4919.0,5154.0,5191.0,4744.75,12,3
P0010,2022-04-03,3854,5274.0,4919.0,3715.0,4765.5,13,4
P0010,2022-04-10,5312,3854.0,5274.0,5154.0,4800.25,14,4
P0010,2022-04-17,4831,5312.0,3854.0,4919.0,4839.75,15,4
P0010,2022-04-24,4680,4831.0,5312.0,5274.0,4817.75,16,4
P0010,2022-05-01,3690,4680.0,4831.0,3854.0,4669.25,17,5
P0010,2022-05-08,4796,3690.0,4680.0,5312.0,4628.25,18,5
P0010,2022-05-15,4743,4796.0,3690.0,4831.0,4499.25,19,5
P0010,2022-05-22,4737,4743.0,4796.0,4680.0,4477.25,20,5
P0010,2022-05-29,5638,4737.0,4743.0,3690.0,4491.5,21,5
P0010,2022-06-05,3477,5638.0,4737.0,4796.0,4978.5,22,6
P0010,2022-06-12,4615,3477.0,5638.0,4743.0,4648.75,23,6
P0010,2022-06-19,5262,4615.0,3477.0,4737.0,4616.75,24,6
P0010,2022-06-26,5381,5262.0,4615.0,5638.0,4748.0,25,6
P0010,2022-07-03,4635,5381.0,5262.0,3477.0,4683.75,26,7
P0010,2022-07-10,4646,4635.0,5381.0,4615.0,4973.25,27,7
P0010,2022-07-17,3782,4646.0,4635.0,5262.0,4981.0,28,7
P0010,2022-07-24,5091,3782.0,4646.0,5381.0,4611.0,29,7
P0010,2022-07-31,4958,5091.0,3782.0,4635.0,4538.5,30,7
P0010,2022-08-07,5539,4958.0,5091.0,4646.0,4619.25,31,8
P0010,2022-08-14,5561,5539.0,4958.0,3782.0,4842.5,32,8
P0010,2022-08-21,4939,5561.0,5539.0,5091.0,5287.25,33,8
P0010,2022-08-28,5654,4939.0,5561.0,4958.0,5249.25,34,8
P0010,2022-09-04,4971,5654.0,4939.0,5539.0,5423.25,35,9
P0010,2022-09-11,5145,4971.0,5654.0,5561.0,5281.25,36,9
P0010,2022-09-18,4884,5145.0,4971.0,4939.0,5177.25,37,9
P0010,2022-09-25,5740,4884.0,5145.0,5654.0,5163.5,38,9
P0010,2022-10-02,5731,5740.0,4884.0,4971.0,5185.0,39,10
P0010,2022-10-09,6032,5731.0,5740.0,5145.0,5375.0,40,10
P0010,2022-10-16,4179,6032.0,5731.0,4884.0,5596.75,41,10
P0010,2022-10-23,5012,4179.0,6032.0,5740.0,5420.5,42,10
P0010,2022-10-30,3540,5012.0,4179.0,5731.0,5238.5,43,10
P0010,2022-11-06,4980,3540.0,5012.0,6032.0,4690.75,44,11
P0010,2022-11-13,4589,4980.0,3540.0,4179.0,4427.75,45,11
P0010,2022-11-20,3386,4589.0,4980.0,5012.0,4530.25,46,11
P0010,2022-11-27,6074,3386.0,4589.0,3540.0,4123.75,47,11
P0010,2022-12-04,4664,6074.0,3386.0,4980.0,4757.25,48,12
P0010,2022-12-11,4592,4664.0,6074.0,4589.0,4678.25,49,12
P0010,2022-12-18,3559,4592.0,4664.0,3386.0,4679.0,50,12
P0010,2022-12-25,4632,3559.0,4592.0,6074.0,4722.25,51,12
P0010,2023-01-01,4276,4632.0,3559.0,4664.0,4361.75,52,1
P0010,2023-01-08,5880,4276.0,4632.0,4592.0,4264.75,1,1
P0010,2023-01-15,4684,5880.0,4276.0,3559.0,4586.75,2,1
P0010,2023-01-22,5449,4684.0,5880.0,4632.0,4868.0,3,1
P0010,2023-01-29,5342,5449.0,4684.0,4276.0,5072.25,4,1
P0010,2023-02-05,4855,5342.0,5449.0,5880.0,5338.75,5,2
P0010,2023-02-12,4939,4855.0,5342.0,4684.0,5082.5,6,2
P0010,2023-02-19,5121,4939.0,4855.0,5449.0,5146.25,7,2
P0010,2023-02-26,4387,5121.0,4939.0,5342.0,5064.25,8,2
P0010,2023-03-05,5773,4387.0,5121.0,4855.0,4825.5,9,3
P0010,2023-03-12,3644,5773.0,4387.0,4939.0,5055.0,10,3
P0010,2023-03-19,4402,3644.0,5773.0,5121.0,4731.25,11,3
P0010,2023-03-26,4234,4402.0,3644.0,4387.0,4551.5,12,3
P0010,2023-04-02,4809,4234.0,4402.0,5773.0,4513.25,13,4
P0010,2023-04-09,4489,4809.0,4234.0,3644.0,4272.25,14,4
P0010,2023-04-16,5057,4489.0,4809.0,4402.0,4483.5,15,4
P0010,2023-04-23,3958,5057.0,4489.0,4234.0,4647.25,16,4
P0010,2023-04-30,4038,3958.0,5057.0,4809.0,4578.25,17,4
P0010,2023-05-07,4522,4038.0,3958.0,4489.0,4385.5,18,5
P0010,2023-05-14,4634,4522.0,4038.0,5057.0,4393.75,19,5
P0010,2023-05-21,4035,4634.0,4522.0,3958.0,4288.0,20,5
P0010,2023-05-28,4377,4035.0,4634.0,4038.0,4307.25,21,5
P0010,2023-06-04,3676,4377.0,4035.0,4522.0,4392.0,22,6
P0010,2023-06-11,4318,3676.0,4377.0,4634.0,4180.5,23,6
P0010,2023-06-18,4116,4318.0,3676.0,4035.0,4101.5,24,6
P0010,2023-06-25,4954,4116.0,4318.0,4377.0,4121.75,25,6
P0010,2023-07-02,5104,4954.0,4116.0,3676.0,4266.0,26,7
P0010,2023-07-09,4771,5104.0,4954.0,4318.0,4623.0,27,7
P0010,2023-07-16,4225,4771.0,5104.0,4116.0,4736.25,28,7
P0010,2023-07-23,4569,4225.0,4771.0,4954.0,4763.5,29,7
P0010,2023-07-30,3979,4569.0,4225.0,5104.0,4667.25,30,7
P0010,2023-08-06,6189,3979.0,4569.0,4771.0,4386.0,31,8
P0010,2023-08-13,5144,6189.0,3979.0,4225.0,4740.5,32,8
P0010,2023-08-20,4208,5144.0,6189.0,4569.0,4970.25,33,8
P0010,2023-08-27,5000,4208.0,5144.0,3979.0,4880.0,34,8
P0010,2023-09-03,5641,5000.0,4208.0,6189.0,5135.25,35,9
P0010,2023-09-10,5451,5641.0,5000.0,5144.0,4998.25,36,9
P0010,2023-09-17,5634,5451.0,5641.0,4208.0,5075.0,37,9
P0010,2023-09-24,3930,5634.0,5451.0,5000.0,5431.5,38,9
P0010,2023-10-01,3935,3930.0,5634.0,5641.0,5164.0,39,10
P0010,2023-10-08,4644,3935.0,3930.0,5451.0,4737.5,40,10
P0010,2023-10-15,5280,4644.0,3935.0,5634.0,4535.75,41,10
P0010,2023-10-22,4542,5280.0,4644.0,3930.0,4447.25,42,10
P0010,2023-10-29,4892,4542.0,5280.0,3935.0,4600.25,43,10
P0010,2023-11-05,3798,4892.0,4542.0,4644.0,4839.5,44,11
P0010,2023-11-12,4430,3798.0,4892.0,5280.0,4628.0,45,11
P0010,2023-11-19,4051,4430.0,3798.0,4542.0,4415.5,46,11
P0010,2023-11-26,4595,4051.0,4430.0,4892.0,4292.75,47,11
P0010,2023-12-03,5573,4595.0,4051.0,3798.0,4218.5,48,12
P0010,2023-12-10,5599,5573.0,4595.0,4430.0,4662.25,49,12
P0010,2023-12-17,4796,5599.0,5573.0,4051.0,4954.5,50,12
P0010,2023-12-24,4668,4796.0,5599.0,4595.0,5140.75,51,12
P0010,2023-12-31,4202,4668.0,4796.0,5573.0,5159.0,52,12
P0010,2024-01-07,1112,4202.0,4668.0,5599.0,4816.25,1,1
P0011,2022-01-02,1161,,,,,52,1
P0011,2022-01-09,4741,1161.0,,,,1,1
P0011,2022-01-16,5536,4741.0,1161.0,,,2,1
P0011,2022-01-23,4741,5536.0,4741.0,,,3,1
P0011,2022-01-30,3965,4741.0,5536.0,1161.0,4044.75,4,1
P0011,2022-02-06,4685,3965.0,4741.0,4741.0,4745.75,5,2
P0011,2022-02-13,5254,4685.0,3965.0,5536.0,4731.75,6,2
P0011,2022-02-20,5635,5254.0,4685.0,4741.0,4661.25,7,2
P0011,2022-02-27,4220,5635.0,5254.0,3965.0,4884.75,8,2
P0011,2022-03-06,5387,4220.0,5635.0,4685.0,4948.5,9,3
P0011,2022-03-13,4552,5387.0,4220.0,5254.0,5124.0,10,3
P0011,2022-03-20,4276,4552.0,5387.0,5635.0,4948.5,11,3
P0011,2022-03-27,4539,4276.0,4552.0,4220.0,4608.75,12,3
P0011,2022-04-03,3400,4539.0,4276.0,5387.0,4688.5,13,4
P0011,2022-04-10,5185,3400.0,4539.0,4552.0,4191.75,14,4
P0011,2022-04-17,3376,5185.0,3400.0,4276.0,4350.0,15,4
P0011,2022-04-24,4884,3376.0,5185.0,4539.0,4125.0,16,4
P0011,2022-05-01,4371,4884.0,3376.0,3400.0,4211.25,17,5
P0011,2022-05-08,4612,4371.0,4884.0,5185.0,4454.0,18,5
P0011,2022-05-15,4578,4612.0,4371.0,3376.0,4310.75,19,5
P0011,2022-05-22,4592,4578.0,4612.0,4884.0,4611.25,20,5
P0011,2022-05-29,4461,4592.0,4578.0,4371.0,4538.25,21,5
P0011,2022-06-05,5912,4461.0,4592.0,4612.0,4560.75,22,6
P0011,2022-06-12,4590,5912.0,4461.0,4578.0,4885.75,23,6
P0011,2022-06-19,4656,4590.0,5912.0,4592.0,4888.75,24,6
P0011,2022-06-26,4889,4656.0,4590.0,4461.0,4904.75,25,6
P0011,2022-07-03,5525,4889.0,4656.0,5912.0,5011.75,26,7
P0011,2022-07-10,4479,5525.0,4889.0,4590.0,4915.0,27,7
P0011,2022-07-17,4422,4479.0,5525.0,4656.0,4887.25,28,7
P0011,2022-07-24,4078,4422.0,4479.0,4889.0,4828.75,29,7
P0011,2022-07-31,4336,4078.0,4422.0,5525.0,4626.0,30,7
P0011,2022-08-07,5777,4336.0,4078.0,4479.0,4328.75,31,8
P0011,2022-08-14,4220,5777.0,4336.0,4422.0,4653.25,32,8
P0011,2022-08-21,4123,4220.0,5777.0,4078.0,4602.75,33,8
P0011,2022-08-28,6150,4123.0,4220.0,4336.0,4614.0,34,8
P0011,2022-09-04,5307,6150.0,4123.0,5777.0,5067.5,35,9
P0011,2022-09-11,4248,5307.0,6150.0,4220.0,4950.0,36,9
P0011,2022-09-18,4801,4248.0,5307.0,4123.0,4957.0,37,9
P0011,2022-09-25,3826,4801.0,4248.0,6150.0,5126.5,38,9
P0011,2022-10-02,4164,3826.0,4801.0,5307.0,4545.5,39,10
P0011,2022-10-09,4836,4164.0,3826.0,4248.0,4259.75,40,10
P0011,2022-10-16,4343,4836.0,4164.0,4801.0,4406.75,41,10
P0011,2022-10-23,4327,4343.0,4836.0,3826.0,4292.25,42,10
P0011,2022-10-30,5166,4327.0,4343.0,4164.0,4417.5,43,10
P0011,2022-11-06,4679,5166.0,4327.0,4836.0,4668.0,44,11
P0011,2022-11-13,4706,4679.0,5166.0,4343.0,4628.75,45,11
P0011,2022-11-20,5777,4706.0,4679.0,4327.0,4719.5,46,11
P0011,2022-11-27,5409,5777.0,4706.0,5166.0,5082.0,47,11
P0011,2022-12-04,4289,5409.0,5777.0,4679.0,5142.75,48,12
P0011,2022-12-11,4253,4289.0,5409.0,4706.0,5045.25,49,12
P0011,2022-12-18,5024,4253.0,4289.0,5777.0,4932.0,50,12
P0011,2022-12-25,4469,5024.0,4253.0,5409.0,4743.75,51,12
P0011,2023-01-01,3561,4469.0,5024.0,4289.0,4508.75,52,1
P0011,2023-01-08,3865,3561.0,4469.0,4253.0,4326.75,1,1
P0011,2023-01-15,5894,3865.0,3561.0,5024.0,4229.75,2,1
P0011,2023-01-22,5318,5894.0,3865.0,4469.0,4447.25,3,1
P0011,2023-01-29,4174,5318.0,5894.0,3561.0,4659.5,4,1
P0011,2023-02-05,4949,4174.0,5318.0,3865.0,4812.75,5,2
P0011,2023-02-12,4476,4949.0,4174.0,5894.0,5083.75,6,2
P0011,2023-02-19,4803,4476.0,4949.0,5318.0,4729.25,7,2
P0011,2023-02-26,5032,4803.0,4476.0,4174.0,4600.5,8,2
P0011,2023-03-05,4668,5032.0,4803.0,4949.0,4815.0,9,3
P0011,2023-03-12,4981,4668.0,5032.0,4476.0,4744.75,10,3
P0011,2023-03-19,5284,4981.0,4668.0,4803.0,4871.0,11,3
P0011,2023-03-26,4489,5284.0,4981.0,5032.0,4991.25,12,3
P0011,2023-04-02,5260,4489.0,5284.0,4668.0,4855.5,13,4
P0011,2023-04-09,4868,5260.0,4489.0,4981.0,5003.5,14,4
P0011,2023-04-16,6256,4868.0,5260.0,5284.0,4975.25,15,4
P0011,2023-04-23,5352,6256.0,4868.0,4489.0,5218.25,16,4
P0011,2023-04-30,4596,5352.0,6256.0,5260.0,5434.0,17,4
P0011,2023-05-07,3917,4596.0,5352.0,4868.0,5268.0,18,5
P0011,2023-05-14,4718,3917.0,4596.0,6256.0,5030.25,19,5
P0011,2023-05-21,5393,4718.0,3917.0,5352.0,4645.75,20,5
P0011,2023-05-28,3754,5393.0,4718.0,4596.0,4656.0,21,5
P0011,2023-06-04,4999,3754.0,5393.0,3917.0,4445.5,22,6
P0011,2023-06-11,4954,4999.0,3754.0,4718.0,4716.0,23,6
P0011,2023-06-18,4153,4954.0,4999.0,5393.0,4775.0,24,6
P0011,2023-06-25,4551,4153.0,4954.0,3754.0,4465.0,25,6
P0011,2023-07-02,3245,4551.0,4153.0,4999.0,4664.25,26,7
P0011,2023-07-09,3944,3245.0,4551.0,4954.0,4225.75,27,7
P0011,2023-07-16,5022,3944.0,3245.0,4153.0,3973.25,28,7
P0011,2023-07-23,6304,5022.0,3944.0,4551.0,4190.5,29,7
P0011,2023-07-30,5576,6304.0,5022.0,3245.0,4628.75,30,7
P0011,2023-08-06,4757,5576.0,6304.0,3944.0,5211.5,31,8
P0011,2023-08-13,4644,4757.0,5576.0,5022.0,5414.75,32,8
P0011,2023-08-20,5044,4644.0,4757.0,6304.0,5320.25,33,8
P0011,2023-08-27,4321,5044.0,4644.0,5576.0,5005.25,34,8
P0011,2023-09-03,5061,4321.0,5044.0,4757.0,4691.5,35,9
P0011,2023-09-10,5615,5061.0,4321.0,4644.0,4767.5,36,9
P0011,2023-09-17,5237,5615.0,5061.0,5044.0,5010.25,37,9
P0011,2023-09-24,4621,5237.0,5615.0,4321.0,5058.5,38,9
P0011,2023-10-01,4837,4621.0,5237.0,5061.0,5133.5,39,10
P0011,2023-10-08,5296,4837.0,4621.0,5615.0,5077.5,40,10
P0011,2023-10-15,5150,5296.0,4837.0,5237.0,4997.75,41,10
P0011,2023-10-22,6312,5150.0,5296.0,4621.0,4976.0,42,10
P0011,2023-10-29,4525,6312.0,5150.0,4837.0,5398.75,43,10
P0011,2023-11-05,5362,4525.0,6312.0,5296.0,5320.75,44,11
P0011,2023-11-12,4419,5362.0,4525.0,5150.0,5337.25,45,11
P0011,2023-11-19,4379,4419.0,5362.0,6312.0,5154.5,46,11
P0011,2023-11-26,5656,4379.0,4419.0,4525.0,4671.25,47,11
P0011,2023-12-03,5218,5656.0,4379.0,5362.0,4954.0,48,12
P0011,2023-12-10,4845,5218.0,5656.0,4419.0,4918.0,49,12
P0011,2023-12-17,4831,4845.0,5218.0,4379.0,5024.5,50,12
P0011,2023-12-24,4996,4831.0,4845.0,5656.0,5137.5,51,12
P0011,2023-12-31,4558,4996.0,4831.0,5218.0,4972.5,52,12
P0011,2024-01-07,390,4558.0,4996.0,4845.0,4807.5,1,1
P0012,2022-01-02,855,,,,,52,1
P0012,2022-01-09,3960,855.0,,,,1,1
P0012,2022-01-16,4097,3960.0,855.0,,,2,1
P0012,2022-01-23,4762,4097.0,3960.0,,,3,1
P0012,2022-01-30,4281,4762.0,4097.0,855.0,3418.5,4,1
P0012,2022-02-06,4385,4281.0,4762.0,3960.0,4275.0,5,2
P0012,2022-02-13,5446,4385.0,4281.0,4097.0,4381.25,6,2
P0012,2022-02-20,4478,5446.0,4385.0,4762.0,4718.5,7,2
P0012,2022-02-27,4542,4478.0,5446.0,4281.0,4647.5,8,2
P0012,2022-03-06,5452,4542.0,4478.0,4385.0,4712.75,9,3
P0012,2022-03-13,4212,5452.0,4542.0,5446.0,4979.5,10,3
P0012,2022-03-20,6178,4212.0,5452.0,4478.0,4671.0,11,3
P0012,2022-03-27,3703,6178.0,4212.0,4542.0,5096.0,12,3
P0012,2022-04-03,5310,3703.0,6178.0,5452.0,4886.25,13,4
P0012,2022-04-10,4313,5310.0,3703.0,4212.0,4850.75,14,4
P0012,2022-04-17,4866,4313.0,5310.0,6178.0,4876.0,15,4
P0012,2022-04-24,3961,4866.0,4313.0,3703.0,4548.0,16,4
P0012,2022-05-01,4252,3961.0,4866.0,5310.0,4612.5,17,5
P0012,2022-05-08,4754,4252.0,3961.0,4313.0,4348.0,18,5
P0012,2022-05-15,5425,4754.0,4252.0,4866.0,4458.25,19,5
P0012,2022-05-22,5328,5425.0,4754.0,3961.0,4598.0,20,5
P0012,2022-05-29,4164,5328.0,5425.0,4252.0,4939.75,21,5
P0012,2022-06-05,4478,4164.0,5328.0,4754.0,4917.75,22,6
P0012,2022-06-12,5013,4478.0,4164.0,5425.0,4848.75,23,6
P0012,2022-06-19,4815,5013.0,4478.0,5328.0,4745.75,24,6
P0012,2022-06-26,5341,4815.0,5013.0,4164.0,4617.5,25,6
P0012,2022-07-03,4561,5341.0,4815.0,4478.0,4911.75,26,7
P0012,2022-07-10,5468,4561.0,5341.0,5013.0,4932.5,27,7
P0012,2022-07-17,4611,5468.0,4561.0,4815.0,5046.25,28,7
P0012,2022-07-24,5870,4611.0,5468.0,5341.0,4995.25,29,7
P0012,2022-07-31,4011,5870.0,4611.0,4561.0,5127.5,30,7
P0012,2022-08-07,5120,4011.0,5870.0,5468.0,4990.0,31,8
P0012,2022-08-14,6114,5120.0,4011.0,4611.0,4903.0,32,8
P0012,2022-08-21,3787,6114.0,5120.0,5870.0,5278.75,33,8
P0012,2022-08-28,4833,3787.0,6114.0,4011.0,4758.0,34,8
P0012,2022-09-04,5181,4833.0,3787.0,5120.0,4963.5,35,9
P0012,2022-09-11,3861,5181.0,4833.0,6114.0,4978.75,36,9
P0012,2022-09-18,4889,3861.0,5181.0,3787.0,4415.5,37,9
P0012,2022-09-25,4771,4889.0,3861.0,4833.0,4691.0,38,9
P0012,2022-10-02,3795,4771.0,4889.0,5181.0,4675.5,39,10
P0012,2022-10-09,3784,3795.0,4771.0,3861.0,4329.0,40,10
P0012,2022-10-16,4901,3784.0,3795.0,4889.0,4309.75,41,10
P0012,2022-10-23,5269,4901.0,3784.0,4771.0,4312.75,42,10
P0012,2022-10-30,4670,5269.0,4901.0,3795.0,4437.25,43,10
P0012,2022-11-06,4503,4670.0,5269.0,3784.0,4656.0,44,11
P0012,2022-11-13,5904,4503.0,4670.0,4901.0,4835.75,45,11
P0012,2022-11-20,5407,5904.0,4503.0,5269.0,5086.5,46,11
P0012,2022-11-27,4410,5407.0,5904.0,4670.0,5121.0,47,11
P0012,2022-12-04,4968,4410.0,5407.0,4503.0,5056.0,48,12
P0012,2022-12-11,5551,4968.0,4410.0,5904.0,5172.25,49,12
P0012,2022-12-18,4090,5551.0,4968.0,5407.0,5084.0,50,12
P0012,2022-12-25,4945,4090.0,5551.0,4410.0,4754.75,51,12
P0012,2023-01-01,4613,4945.0,4090.0,4968.0,4888.5,52,1
P0012,2023-01-08,4671,4613.0,4945.0,5551.0,4799.75,1,1
P0012,2023-01-15,5032,4671.0,4613.0,4090.0,4579.75,2,1
P0012,2023-01-22,5188,5032.0,4671.0,4945.0,4815.25,3,1
P0012,2023-01-29,4842,5188.0,5032.0,4613.0,4876.0,4,1
P0012,2023-02-05,3817,4842.0,5188.0,4671.0,4933.25,5,2
P0012,2023-02-12,3886,3817.0,4842.0,5032.0,4719.75,6,2
P0012,2023-02-19,2982,3886.0,3817.0,5188.0,4433.25,7,2
P0012,2023-02-26,4352,2982.0,3886.0,4842.0,3881.75,8,2
P0012,2023-03-05,4924,4352.0,2982.0,3817.0,3759.25,9,3
P0012,2023-03-12,4200,4924.0,4352.0,3886.0,4036.0,10,3
P0012,2023-03-19,4482,4200.0,4924.0,2982.0,4114.5,11,3
P0012,2023-03-26,4638,4482.0,4200.0,4352.0,4489.5,12,3
P0012,2023-04-02,4010,4638.0,4482.0,4924.0,4561.0,13,4
P0012,2023-04-09,4320,4010.0,4638.0,4200.0,4332.5,14,4
P0012,2023-04-16,4847,4320.0,4010.0,4482.0,4362.5,15,4
P0012,2023-04-23,4245,4847.0,4320.0,4638.0,4453.75,16,4
P0012,2023-04-30,4584,4245.0,4847.0,4010.0,4355.5,17,4
P0012,2023-05-07,4670,4584.0,4245.0,4320.0,4499.0,18,5
P0012,2023-05-14,5243,4670.0,4584.0,4847.0,4586.5,19,5
P0012,2023-05-21,4919,5243.0,4670.0,4245.0,4685.5,20,5
P0012,2023-05-28,4772,4919.0,5243.0,4584.0,4854.0,21,5
P0012,2023-06-04,4582,4772.0,4919.0,4670.0,4901.0,22,6
P0012,2023-06-11,5244,4582.0,4772.0,5243.0,4879.0,23,6
P0012,2023-06-18,4306,5244.0,4582.0,4919.0,4879.25,24,6
P0012,2023-06-25,4754,4306.0,5244.0,4772.0,4726.0,25,6
P0012,2023-07-02,4744,4754.0,4306.0,4582.0,4721.5,26,7
P0012,2023-07-09,5937,4744.0,4754.0,5244.0,4762.0,27,7
P0012,2023-07-16,6345,5937.0,4744.0,4306.0,4935.25,28,7
P0012,2023-07-23,5261,6345.0,5937.0,4754.0,5445.0,29,7
P0012,2023-07-30,5565,5261.0,6345.0,4744.0,5571.75,30,7
P0012,2023-08-06,4190,5565.0,5261.0,5937.0,5777.0,31,8
P0012,2023-08-13,4380,4190.0,5565.0,6345.0,5340.25,32,8
P0012,2023-08-20,4093,4380.0,4190.0,5261.0,4849.0,33,8
P0012,2023-08-27,4910,4093.0,4380.0,5565.0,4557.0,34,8
P0012,2023-09-03,5376,4910.0,4093.0,4190.0,4393.25,35,9
P0012,2023-09-10,5424,5376.0,4910.0,4380.0,4689.75,36,9
P0012,2023-09-17,3935,5424.0,5376.0,4093.0,4950.75,37,9
P0012,2023-09-24,5113,3935.0,5424.0,4910.0,4911.25,38,9
P0012,2023-10-01,4939,5113.0,3935.0,5376.0,4962.0,39,10
P0012,2023-10-08,5006,4939.0,5113.0,5424.0,4852.75,40,10
P0012,2023-10-15,3997,5006.0,4939.0,3935.0,4748.25,41,10
P0012,2023-10-22,4538,3997.0,5006.0,5113.0,4763.75,42,10
P0012,2023-10-29,6077,4538.0,3997.0,4939.0,4620.0,43,10
P0012,2023-11-05,4010,6077.0,4538.0,5006.0,4904.5,44,11
P0012,2023-11-12,4610,4010.0,6077.0,3997.0,4655.5,45,11
P0012,2023-11-19,4005,4610.0,4010.0,4538.0,4808.75,46,11
P0012,2023-11-26,5476,4005.0,4610.0,6077.0,4675.5,47,11
P0012,2023-12-03,3952,5476.0,4005.0,4010.0,4525.25,48,12
P0012,2023-12-10,4056,3952.0,5476.0,4610.0,4510.75,49,12
P0012,2023-12-17,4786,4056.0,3952.0,4005.0,4372.25,50,12
P0012,2023-12-24,4190,4786.0,4056.0,5476.0,4567.5,51,12
P0012,2023-12-31,4325,4190.0,4786.0,3952.0,4246.0,52,12
P0012,2024-01-07,662,4325.0,4190.0,4056.0,4339.25,1,1
P0013,2022-01-02,1573,,,,,52,1
P0013,2022-01-09,4787,1573.0,,,,1,1
P0013,2022-01-16,5102,4787.0,1573.0,,,2,1
P0013,2022-01-23,3325,5102.0,4787.0,,,3,1
P0013,2022-01-30,4947,3325.0,5102.0,1573.0,3696.75,4,1
P0013,2022-02-06,4067,4947.0,3325.0,4787.0,4540.25,5,2
P0013,2022-02-13,5359,4067.0,4947.0,5102.0,4360.25,6,2
P0013,2022-02-20,5445,5359.0,4067.0,3325.0,4424.5,7,2
P0013,2022-02-27,4912,5445.0,5359.0,4947.0,4954.5,8,2
P0013,2022-03-06,4895,4912.0,5445.0,4067.0,4945.75,9,3
P0013,2022-03-13,5143,4895.0,4912.0,5359.0,5152.75,10,3
P0013,2022-03-20,5404,5143.0,4895.0,5445.0,5098.75,11,3
P0013,2022-03-27,5948,5404.0,5143.0,4912.0,5088.5,12,3
P0013,2022-04-03,4825,5948.0,5404.0,4895.0,5347.5,13,4
P0013,2022-04-10,4749,4825.0,5948.0,5143.0,5330.0,14,4
P0013,2022-04-17,5201,4749.0,4825.0,5404.0,5231.5,15,4
P0013,2022-04-24,5270,5201.0,4749.0,5948.0,5180.75,16,4
P0013,2022-05-01,3960,5270.0,5201.0,4825.0,5011.25,17,5
P0013,2022-05-08,4280,3960.0,5270.0,4749.0,4795.0,18,5
P0013,2022-05-15,4131,4280.0,3960.0,5201.0,4677.75,19,5
P0013,2022-05-22,5315,4131.0,4280.0,5270.0,4410.25,20,5
P0013,2022-05-29,4614,5315.0,4131.0,3960.0,4421.5,21,5
P0013,2022-06-05,4815,4614.0,5315.0,4280.0,4585.0,22,6
P0013,2022-06-12,3423,4815.0,4614.0,4131.0,4718.75,23,6
P0013,2022-06-19,4558,3423.0,4815.0,5315.0,4541.75,24,6
P0013,2022-06-26,4089,4558.0,3423.0,4614.0,4352.5,25,6
P0013,2022-07-03,5503,4089.0,4558.0,4815.0,4221.25,26,7
P0013,2022-07-10,4569,5503.0,4089.0,3423.0,4393.25,27,7
P0013,2022-07-17,5293,4569.0,5503.0,4558.0,4679.75,28,7
P0013,2022-07-24,5811,5293.0,4569.0,4089.0,4863.5,29,7
P0013,2022-07-31,5305,5811.0,5293.0,5503.0,5294.0,30,7
P0013,2022-08-07,4769,5305.0,5811.0,4569.0,5244.5,31,8
P0013,2022-08-14,5557,4769.0,5305.0,5293.0,5294.5,32,8
P0013,2022-08-21,5156,5557.0,4769.0,5811.0,5360.5,33,8
P0013,2022-08-28,4225,5156.0,5557.0,5305.0,5196.75,34,8
P0013,2022-09-04,4700,4225.0,5156.0,4769.0,4926.75,35,9
P0013,2022-09-11,4596,4700.0,4225.0,5557.0,4909.5,36,9
P0013,2022-09-18,5745,4596.0,4700.0,5156.0,4669.25,37,9
P0013,2022-09-25,4423,5745.0,4596.0,4225.0,4816.5,38,9
P0013,2022-10-02,5797,4423.0,5745.0,4700.0,4866.0,39,10
P0013,2022-10-09,5326,5797.0,4423.0,4596.0,5140.25,40,10
P0013,2022-10-16,5718,5326.0,5797.0,5745.0,5322.75,41,10
P0013,2022-10-23,4825,5718.0,5326.0,4423.0,5316.0,42,10
P0013,2022-10-30,4491,4825.0,5718.0,5797.0,5416.5,43,10
P0013,2022-11-06,6095,4491.0,4825.0,5326.0,5090.0,44,11
P0013,2022-11-13,3309,6095.0,4491.0,5718.0,5282.25,45,11
P0013,2022-11-20,3153,3309.0,6095.0,4825.0,4680.0,46,11
P0013,2022-11-27,5795,3153.0,3309.0,4491.0,4262.0,47,11
P0013,2022-12-04,4744,5795.0,3153.0,6095.0,4588.0,48,12
P0013,2022-12-11,5535,4744.0,5795.0,3309.0,4250.25,49,12
P0013,2022-12-18,5365,5535.0,4744.0,3153.0,4806.75,50,12
P0013,2022-12-25,4518,5365.0,5535.0,5795.0,5359.75,51,12
P0013,2023-01-01,5428,4518.0,5365.0,4744.0,5040.5,52,1
P0013,2023-01-08,4393,5428.0,4518.0,5535.0,5211.5,1,1
P0013,2023-01-15,4530,4393.0,5428.0,5365.0,4926.0,2,1
P0013,2023-01-22,5426,4530.0,4393.0,4518.0,4717.25,3,1
P0013,2023-01-29,5620,5426.0,4530.0,5428.0,4944.25,4,1
P0013,2023-02-05,4065,5620.0,5426.0,4393.0,4992.25,5,2
P0013,2023-02-12,5021,4065.0,5620.0,4530.0,4910.25,6,2
P0013,2023-02-19,4654,5021.0,4065.0,5426.0,5033.0,7,2
P0013,2023-02-26,5265,4654.0,5021.0,5620.0,4840.0,8,2
P0013,2023-03-05,3592,5265.0,4654.0,4065.0,4751.25,9,3
P0013,2023-03-12,4892,3592.0,5265.0,5021.0,4633.0,10,3
P0013,2023-03-19,5654,4892.0,3592.0,4654.0,4600.75,11,3
P0013,2023-03-26,5179,5654.0,4892.0,5265.0,4850.75,12,3
P0013,2023-04-02,5791,5179.0,5654.0,3592.0,4829.25,13,4
P0013,2023-04-09,4647,5791.0,5179.0,4892.0,5379.0,14,4
P0013,2023-04-16,3961,4647.0,5791.0,5654.0,5317.75,15,4
P0013,2023-04-23,3081,3961.0,4647.0,5179.0,4894.5,16,4
P0013,2023-04-30,5388,3081.0,3961.0,5791.0,4370.0,17,4
P0013,2023-05-07,4001,5388.0,3081.0,4647.0,4269.25,18,5
P0013,2023-05-14,5054,4001.0,5388.0,3961.0,4107.75,19,5
P0013,2023-05-21,4226,5054.0,4001.0,3081.0,4381.0,20,5
P0013,2023-05-28,4024,4226.0,5054.0,5388.0,4667.25,21,5
P0013,2023-06-04,4658,4024.0,4226.0,4001.0,4326.25,22,6
P0013,2023-06-11,4648,4658.0,4024.0,5054.0,4490.5,23,6
P0013,2023-06-18,4084,4648.0,4658.0,4226.0,4389.0,24,6
P0013,2023-06-25,4315,4084.0,4648.0,4024.0,4353.5,25,6
P0013,2023-07-02,6083,4315.0,4084.0,4658.0,4426.25,26,7
P0013,2023-07-09,4104,6083.0,4315.0,4648.0,4782.5,27,7
P0013,2023-07-16,5373,4104.0,6083.0,4084.0,4646.5,28,7
P0013,2023-07-23,5978,5373.0,4104.0,4315.0,4968.75,29,7
P0013,2023-07-30,5256,5978.0,5373.0,6083.0,5384.5,30,7
P0013,2023-08-06,4373,5256.0,5978.0,4104.0,5177.75,31,8
P0013,2023-08-13,5214,4373.0,5256.0,5373.0,5245.0,32,8
P0013,2023-08-20,4276,5214.0,4373.0,5978.0,5205.25,33,8
P0013,2023-08-27,4168,4276.0,5214.0,5256.0,4779.75,34,8
P0013,2023-09-03,4979,4168.0,4276.0,4373.0,4507.75,35,9
P0013,2023-09-10,4697,4979.0,4168.0,5214.0,4659.25,36,9
P0013,2023-09-17,4157,4697.0,4979.0,4276.0,4530.0,37,9
P0013,2023-09-24,5212,4157.0,4697.0,4168.0,4500.25,38,9
P0013,2023-10-01,3887,5212.0,4157.0,4979.0,4761.25,39,10
P0013,2023-10-08,3863,3887.0,5212.0,4697.0,4488.25,40,10
P0013,2023-10-15,3739,3863.0,3887.0,4157.0,4279.75,41,10
P0013,2023-10-22,4469,3739.0,3863.0,5212.0,4175.25,42,10
P0013,2023-10-29,4178,4469.0,3739.0,3887.0,3989.5,43,10
P0013,2023-11-05,5649,4178.0,4469.0,3863.0,4062.25,44,11
P0013,2023-11-12,4126,5649.0,4178.0,3739.0,4508.75,45,11
P0013,2023-11-19,4867,4126.0,5649.0,4469.0,4605.5,46,11
P0013,2023-11-26,4747,4867.0,4126.0,4178.0,4705.0,47,11
P0013,2023-12-03,5055,4747.0,4867.0,5649.0,4847.25,48,12
P0013,2023-12-10,5139,5055.0,4747.0,4126.0,4698.75,49,12
P0013,2023-12-17,5293,5139.0,5055.0,4867.0,4952.0,50,12
P0013,2023-12-24,3980,5293.0,5139.0,4747.0,5058.5,51,12
P0013,2023-12-31,5064,3980.0,5293.0,5055.0,4866.75,52,12
P0013,2024-01-07,636,5064.0,3980.0,5139.0,4869.0,1,1
P0014,2022-01-02,1696,,,,,52,1
P0014,2022-01-09,5041,1696.0,,,,1,1
P0014,2022-01-16,4428,5041.0,1696.0,,,2,1
P0014,2022-01-23,4760,4428.0,5041.0,,,3,1
P0014,2022-01-30,4773,4760.0,4428.0,1696.0,3981.25,4,1
P0014,2022-02-06,5361,4773.0,4760.0,5041.0,4750.5,5,2
P0014,2022-02-13,5552,5361.0,4773.0,4428.0,4830.5,6,2
P0014,2022-02-20,4612,5552.0,5361.0,4760.0,5111.5,7,2
P0014,2022-02-27,5975,4612.0,5552.0,4773.0,5074.5,8,2
P0014,2022-03-06,5088,5975.0,4612.0,5361.0,5375.0,9,3
P0014,2022-03-13,3881,5088.0,5975.0,5552.0,5306.75,10,3
P0014,2022-03-20,4427,3881.0,5088.0,4612.0,4889.0,11,3
P0014,2022-03-27,4727,4427.0,3881.0,5975.0,4842.75,12,3
P0014,2022-04-03,5033,4727.0,4427.0,5088.0,4530.75,13,4
P0014,2022-04-10,5006,5033.0,4727.0,3881.0,4517.0,14,4
P0014,2022-04-17,4877,5006.0,5033.0,4427.0,4798.25,15,4
P0014,2022-04-24,4594,4877.0,5006.0,4727.0,4910.75,16,4
P0014,2022-05-01,4291,4594.0,4877.0,5033.0,4877.5,17,5
P0014,2022-05-08,4450,4291.0,4594.0,5006.0,4692.0,18,5
P0014,2022-05-15,4411,4450.0,4291.0,4877.0,4553.0,19,5
P0014,2022-05-22,5103,4411.0,4450.0,4594.0,4436.5,20,5
P0014,2022-05-29,4876,5103.0,4411.0,4291.0,4563.75,21,5
P0014,2022-06-05,5510,4876.0,5103.0,4450.0,4710.0,22,6
P0014,2022-06-12,4105,5510.0,4876.0,4411.0,4975.0,23,6
P0014,2022-06-19,5627,4105.0,5510.0,5103.0,4898.5,24,6
P0014,2022-06-26,3810,5627.0,4105.0,4876.0,5029.5,25,6
P0014,2022-07-03,3887,3810.0,5627.0,5510.0,4763.0,26,7
P0014,2022-07-10,4802,3887.0,3810.0,4105.0,4357.25,27,7
P0014,2022-07-17,4352,4802.0,3887.0,5627.0,4531.5,28,7
P0014,2022-07-24,5115,4352.0,4802.0,3810.0,4212.75,29,7
P0014,2022-07-31,6037,5115.0,4352.0,3887.0,4539.0,30,7
P0014,2022-08-07,4826,6037.0,5115.0,4802.0,5076.5,31,8
P0014,2022-08-14,5057,4826.0,6037.0,4352.0,5082.5,32,8
P0014,2022-08-21,5488,5057.0,4826.0,5115.0,5258.75,33,8
P0014,2022-08-28,4769,5488.0,5057.0,6037.0,5352.0,34,8
P0014,2022-09-04,5341,4769.0,5488.0,4826.0,5035.0,35,9
P0014,2022-09-11,4625,5341.0,4769.0,5057.0,5163.75,36,9
P0014,2022-09-18,5956,4625.0,5341.0,5488.0,5055.75,37,9
P0014,2022-09-25,4838,5956.0,4625.0,4769.0,5172.75,38,9
P0014,2022-10-02,5448,4838.0,5956.0,5341.0,5190.0,39,10
P0014,2022-10-09,4468,5448.0,4838.0,4625.0,5216.75,40,10
P0014,2022-10-16,5082,4468.0,5448.0,5956.0,5177.5,41,10
P0014,2022-10-23,4909,5082.0,4468.0,4838.0,4959.0,42,10
P0014,2022-10-30,4549,4909.0,5082.0,5448.0,4976.75,43,10
P0014,2022-11-06,5262,4549.0,4909.0,4468.0,4752.0,44,11
P0014,2022-11-13,5272,5262.0,4549.0,5082.0,4950.5,45,11
P0014,2022-11-20,3973,5272.0,5262.0,4909.0,4998.0,46,11
P0014,2022-11-27,4042,3973.0,5272.0,4549.0,4764.0,47,11
P0014,2022-12-04,4753,4042.0,3973.0,5262.0,4637.25,48,12
P0014,2022-12-11,5509,4753.0,4042.0,5272.0,4510.0,49,12
P0014,2022-12-18,5193,5509.0,4753.0,3973.0,4569.25,50,12
P0014,2022-12-25,4256,5193.0,5509.0,4042.0,4874.25,51,12
P0014,2023-01-01,5493,4256.0,5193.0,4753.0,4927.75,52,1
P0014,2023-01-08,5136,5493.0,4256.0,5509.0,5112.75,1,1
P0014,2023-01-15,5877,5136.0,5493.0,5193.0,5019.5,2,1
P0014,2023-01-22,4054,5877.0,5136.0,4256.0,5190.5,3,1
P0014,2023-01-29,5600,4054.0,5877.0,5493.0,5140.0,4,1
P0014,2023-02-05,5600,5600.0,4054.0,5136.0,5166.75,5,2
P0014,2023-02-12,6157,5600.0,5600.0,5877.0,5282.75,6,2
P0014,2023-02-19,4220,6157.0,5600.0,4054.0,5352.75,7,2
P0014,2023-02-26,4213,4220.0,6157.0,5600.0,5394.25,8,2
P0014,2023-03-05,4794,4213.0,4220.0,5600.0,5047.5,9,3
P0014,2023-03-12,5179,4794.0,4213.0,6157.0,4846.0,10,3
P0014,2023-03-19,4059,5179.0,4794.0,4220.0,4601.5,11,3
P0014,2023-03-26,4073,4059.0,5179.0,4213.0,4561.25,12,3
P0014,2023-04-02,3963,4073.0,4059.0,4794.0,4526.25,13,4
P0014,2023-04-09,4289,3963.0,4073.0,5179.0,4318.5,14,4
P0014,2023-04-16,4592,4289.0,3963.0,4059.0,4096.0,15,4
P0014,2023-04-23,5426,4592.0,4289.0,4073.0,4229.25,16,4
P0014,2023-04-30,5988,5426.0,4592.0,3963.0,4567.5,17,4
P0014,2023-05-07,4718,5988.0,5426.0,4289.0,5073.75,18,5
P0014,2023-05-14,3844,4718.0,5988.0,4592.0,5181.0,19,5
P0014,2023-05-21,4911,3844.0,4718.0,5426.0,4994.0,20,5
P0014,2023-05-28,4256,4911.0,3844.0,5988.0,4865.25,21,5
P0014,2023-06-04,3943,4256.0,4911.0,4718.0,4432.25,22,6
P0014,2023-06-11,4591,3943.0,4256.0,3844.0,4238.5,23,6
P0014,2023-06-18,4588,4591.0,3943.0,4911.0,4425.25,24,6
P0014,2023-06-25,5793,4588.0,4591.0,4256.0,4344.5,25,6
P0014,2023-07-02,3976,5793.0,4588.0,3943.0,4728.75,26,7
P0014,2023-07-09,5886,3976.0,5793.0,4591.0,4737.0,27,7
P0014,2023-07-16,5347,5886.0,3976.0,4588.0,5060.75,28,7
P0014,2023-07-23,4422,5347.0,5886.0,5793.0,5250.5,29,7
P0014,2023-07-30,4636,4422.0,5347.0,3976.0,4907.75,30,7
P0014,2023-08-06,4483,4636.0,4422.0,5886.0,5072.75,31,8
P0014,2023-08-13,4273,4483.0,4636.0,5347.0,4722.0,32,8
P0014,2023-08-20,5584,4273.0,4483.0,4422.0,4453.5,33,8
P0014,2023-08-27,4865,5584.0,4273.0,4636.0,4744.0,34,8
P0014,2023-09-03,5137,4865.0,5584.0,4483.0,4801.25,35,9
P0014,2023-09-10,4600,5137.0,4865.0,4273.0,4964.75,36,9
P0014,2023-09-17,5421,4600.0,5137.0,5584.0,5046.5,37,9
P0014,2023-09-24,4223,5421.0,4600.0,4865.0,5005.75,38,9
P0014,2023-10-01,4741,4223.0,5421.0,5137.0,4845.25,39,10
P0014,2023-10-08,5025,4741.0,4223.0,4600.0,4746.25,40,10
P0014,2023-10-15,4949,5025.0,4741.0,5421.0,4852.5,41,10
P0014,2023-10-22,5621,4949.0,5025.0,4223.0,4734.5,42,10
P0014,2023-10-29,4586,5621.0,4949.0,4741.0,5084.0,43,10
P0014,2023-11-05,5867,4586.0,5621.0,5025.0,5045.25,44,11
P0014,2023-11-12,4486,5867.0,4586.0,4949.0,5255.75,45,11
P0014,2023-11-19,4774,4486.0,5867.0,5621.0,5140.0,46,11
P0014,2023-11-26,4542,4774.0,4486.0,4586.0,4928.25,47,11
P0014,2023-12-03,4339,4542.0,4774.0,5867.0,4917.25,48,12
P0014,2023-12-10,4556,4339.0,4542.0,4486.0,4535.25,49,12
P0014,2023-12-17,5166,4556.0,4339.0,4774.0,4552.75,50,12
P0014,2023-12-24,5453,5166.0,4556.0,4542.0,4650.75,51,12
P0014,2023-12-31,4492,5453.0,5166.0,4339.0,4878.5,52,12
P0014,2024-01-07,992,4492.0,5453.0,4556.0,4916.75,1,1
P0015,2022-01-02,1929,,,,,52,1
P0015,2022-01-09,5443,1929.0,,,,1,1
P0015,2022-01-16,5952,5443.0,1929.0,,,2,1
P0015,2022-01-23,4994,5952.0,5443.0,,,3,1
P0015,2022-01-30,4918,4994.0,5952.0,1929.0,4579.5,4,1
P0015,2022-02-06,5220,4918.0,4994.0,5443.0,5326.75,5,2
P0015,2022-02-13,4987,5220.0,4918.0,5952.0,5271.0,6,2
P0015,2022-02-20,4468,4987.0,5220.0,4994.0,5029.75,7,2
P0015,2022-02-27,5105,4468.0,4987.0,4918.0,4898.25,8,2
P0015,2022-03-06,5482,5105.0,4468.0,5220.0,4945.0,9,3
P0015,2022-03-13,4873,5482.0,5105.0,4987.0,5010.5,10,3
P0015,2022-03-20,4325,4873.0,5482.0,4468.0,4982.0,11,3
P0015,2022-03-27,5286,4325.0,4873.0,5105.0,4946.25,12,3
P0015,2022-04-03,5255,5286.0,4325.0,5482.0,4991.5,13,4
P0015,2022-04-10,4438,5255.0,5286.0,4873.0,4934.75,14,4
P0015,2022-04-17,4190,4438.0,5255.0,4325.0,4826.0,15,4
P0015,2022-04-24,4832,4190.0,4438.0,5286.0,4792.25,16,4
P0015,2022-05-01,5043,4832.0,4190.0,5255.0,4678.75,17,5
P0015,2022-05-08,4950,5043.0,4832.0,4438.0,4625.75,18,5
P0015,2022-05-15,5979,4950.0,5043.0,4190.0,4753.75,19,5
P0015,2022-05-22,5287,5979.0,4950.0,4832.0,5201.0,20,5
P0015,2022-05-29,3746,5287.0,5979.0,5043.0,5314.75,21,5
P0015,2022-06-05,4201,3746.0,5287.0,4950.0,4990.5,22,6
P0015,2022-06-12,4204,4201.0,3746.0,5979.0,4803.25,23,6
P0015,2022-06-19,4802,4204.0,4201.0,5287.0,4359.5,24,6
P0015,2022-06-26,6152,4802.0,4204.0,3746.0,4238.25,25,6
P0015,2022-07-03,5176,6152.0,4802.0,4201.0,4839.75,26,7
P0015,2022-07-10,5342,5176.0,6152.0,4204.0,5083.5,27,7
P0015,2022-07-17,5043,5342.0,5176.0,4802.0,5368.0,28,7
P0015,2022-07-24,5002,5043.0,5342.0,6152.0,5428.25,29,7
P0015,2022-07-31,5866,5002.0,5043.0,5176.0,5140.75,30,7
P0015,2022-08-07,3641,5866.0,5002.0,5342.0,5313.25,31,8
P0015,2022-08-14,5296,3641.0,5866.0,5043.0,4888.0,32,8
P0015,2022-08-21,4446,5296.0,3641.0,5002.0,4951.25,33,8
P0015,2022-08-28,3925,4446.0,5296.0,5866.0,4812.25,34,8
P0015,2022-09-04,5155,3925.0,4446.0,3641.0,4327.0,35,9
P0015,2022-09-11,4401,5155.0,3925.0,5296.0,4705.5,36,9
P0015,2022-09-18,3539,4401.0,5155.0,4446.0,4481.75,37,9
P0015,2022-09-25,4447,3539.0,4401.0,3925.0,4255.0,38,9
P0015,2022-10-02,4372,4447.0,3539.0,5155.0,4385.5,39,10
P0015,2022-10-09,3981,4372.0,4447.0,4401.0,4189.75,40,10
P0015,2022-10-16,5122,3981.0,4372.0,3539.0,4084.75,41,10
P0015,2022-10-23,4025,5122.0,3981.0,4447.0,4480.5,42,10
P0015,2022-10-30,4550,4025.0,5122.0,4372.0,4375.0,43,10
P0015,2022-11-06,4683,4550.0,4025.0,3981.0,4419.5,44,11
P0015,2022-11-13,3911,4683.0,4550.0,5122.0,4595.0,45,11
P0015,2022-11-20,5250,3911.0,4683.0,4025.0,4292.25,46,11
P0015,2022-11-27,5151,5250.0,3911.0,4550.0,4598.5,47,11
P0015,2022-12-04,5757,5151.0,5250.0,4683.0,4748.75,48,12
P0015,2022-12-11,3947,5757.0,5151.0,3911.0,5017.25,49,12
P0015,2022-12-18,4599,3947.0,5757.0,5250.0,5026.25,50,12
P0015,2022-12-25,3834,4599.0,3947.0,5151.0,4863.5,51,12
P0015,2023-01-01,5109,3834.0,4599.0,5757.0,4534.25,52,1
P0015,2023-01-08,4403,5109.0,3834.0,3947.0,4372.25,1,1
P0015,2023-01-15,5372,4403.0,5109.0,4599.0,4486.25,2,1
P0015,2023-01-22,5244,5372.0,4403.0,3834.0,4679.5,3,1
P0015,2023-01-29,4968,5244.0,5372.0,5109.0,5032.0,4,1
P0015,2023-02-05,5795,4968.0,5244.0,4403.0,4996.75,5,2
P0015,2023-02-12,5922,5795.0,4968.0,5372.0,5344.75,6,2
P0015,2023-02-19,3655,5922.0,5795.0,5244.0,5482.25,7,2
P0015,2023-02-26,4913,3655.0,5922.0,4968.0,5085.0,8,2
P0015,2023-03-05,5413,4913.0,3655.0,5795.0,5071.25,9,3
P0015,2023-03-12,4712,5413.0,4913.0,5922.0,4975.75,10,3
P0015,2023-03-19,4566,4712.0,5413.0,3655.0,4673.25,11,3
P0015,2023-03-26,4793,4566.0,4712.0,4913.0,4901.0,12,3
P0015,2023-04-02,4988,4793.0,4566.0,5413.0,4871.0,13,4
P0015,2023-04-09,5457,4988.0,4793.0,4712.0,4764.75,14,4
P0015,2023-04-16,4084,5457.0,4988.0,4566.0,4951.0,15,4
P0015,2023-04-23,3527,4084.0,5457.0,4793.0,4830.5,16,4
P0015,2023-04-30,5347,3527.0,4084.0,4988.0,4514.0,17,4
P0015,2023-05-07,4789,5347.0,3527.0,5457.0,4603.75,18,5
P0015,2023-05-14,4942,4789.0,5347.0,4084.0,4436.75,19,5
P0015,2023-05-21,5057,4942.0,4789.0,3527.0,4651.25,20,5
P0015,2023-05-28,5621,5057.0,4942.0,5347.0,5033.75,21,5
P0015,2023-06-04,3673,5621.0,5057.0,4789.0,5102.25,22,6
P0015,2023-06-11,3990,3673.0,5621.0,4942.0,4823.25,23,6
P0015,2023-06-18,5432,3990.0,3673.0,5057.0,4585.25,24,6
P0015,2023-06-25,5911,5432.0,3990.0,5621.0,4679.0,25,6
P0015,2023-07-02,3906,5911.0,5432.0,3673.0,4751.5,26,7
P0015,2023-07-09,5263,3906.0,5911.0,3990.0,4809.75,27,7
P0015,2023-07-16,4772,5263.0,3906.0,5432.0,5128.0,28,7
P0015,2023-07-23,4527,4772.0,5263.0,5911.0,4963.0,29,7
P0015,2023-07-30,5965,4527.0,4772.0,3906.0,4617.0,30,7
P0015,2023-08-06,5039,5965.0,4527.0,5263.0,5131.75,31,8
P0015,2023-08-13,4401,5039.0,5965.0,4772.0,5075.75,32,8
P0015,2023-08-20,5541,4401.0,5039.0,4527.0,4983.0,33,8
P0015,2023-08-27,5247,5541.0,4401.0,5965.0,5236.5,34,8
P0015,2023-09-03,4478,5247.0,5541.0,5039.0,5057.0,35,9
P0015,2023-09-10,5264,4478.0,5247.0,4401.0,4916.75,36,9
P0015,2023-09-17,5797,5264.0,4478.0,5541.0,5132.5,37,9
P0015,2023-09-24,4692,5797.0,5264.0,5247.0,5196.5,38,9
P0015,2023-10-01,4460,4692.0,5797.0,4478.0,5057.75,39,10
P0015,2023-10-08,6026,4460.0,4692.0,5264.0,5053.25,40,10
P0015,2023-10-15,4941,6026.0,4460.0,5797.0,5243.75,41,10
P0015,2023-10-22,5450,4941.0,6026.0,4692.0,5029.75,42,10
P0015,2023-10-29,4910,5450.0,4941.0,4460.0,5219.25,43,10
P0015,2023-11-05,4048,4910.0,5450.0,6026.0,5331.75,44,11
P0015,2023-11-12,5762,4048.0,4910.0,4941.0,4837.25,45,11
P0015,2023-11-19,4310,5762.0,4048.0,5450.0,5042.5,46,11
P0015,2023-11-26,4360,4310.0,5762.0,4910.0,4757.5,47,11
P0015,2023-12-03,5663,4360.0,4310.0,4048.0,4620.0,48,12
P0015,2023-12-10,3893,5663.0,4360.0,5762.0,5023.75,49,12
P0015,2023-12-17,4977,3893.0,5663.0,4310.0,4556.5,50,12
P0015,2023-12-24,4785,4977.0,3893.0,4360.0,4723.25,51,12
P0015,2023-12-31,3674,4785.0,4977.0,5663.0,4829.5,52,12
P0015,2024-01-07,927,3674.0,4785.0,3893.0,4332.25,1,1
P0016,2022-01-02,1685,,,,,52,1
P0016,2022-01-09,4358,1685.0,,,,1,1
P0016,2022-01-16,4493,4358.0,1685.0,,,2,1
P0016,2022-01-23,3866,4493.0,4358.0,,,3,1
P0016,2022-01-30,3561,3866.0,4493.0,1685.0,3600.5,4,1
P0016,2022-02-06,4832,3561.0,3866.0,4358.0,4069.5,5,2
P0016,2022-02-13,4002,4832.0,3561.0,4493.0,4188.0,6,2
P0016,2022-02-20,5624,4002.0,4832.0,3866.0,4065.25,7,2
P0016,2022-02-27,4745,5624.0,4002.0,3561.0,4504.75,8,2
P0016,2022-03-06,4379,4745.0,5624.0,4832.0,4800.75,9,3
P0016,2022-03-13,4873,4379.0,4745.0,4002.0,4687.5,10,3
P0016,2022-03-20,5353,4873.0,4379.0,5624.0,4905.25,11,3
P0016,2022-03-27,4492,5353.0,4873.0,4745.0,4837.5,12,3
P0016,2022-04-03,4063,4492.0,5353.0,4379.0,4774.25,13,4
P0016,2022-04-10,4049,4063.0,4492.0,4873.0,4695.25,14,4
P0016,2022-04-17,5250,4049.0,4063.0,5353.0,4489.25,15,4
P0016,2022-04-24,3483,5250.0,4049.0,4492.0,4463.5,16,4
P0016,2022-05-01,4916,3483.0,5250.0,4063.0,4211.25,17,5
P0016,2022-05-08,5127,4916.0,3483.0,4049.0,4424.5,18,5
P0016,2022-05-15,4965,5127.0,4916.0,5250.0,4694.0,19,5
P0016,2022-05-22,4332,4965.0,5127.0,3483.0,4622.75,20,5
P0016,2022-05-29,4237,4332.0,4965.0,4916.0,4835.0,21,5
P0016,2022-06-05,4308,4237.0,4332.0,5127.0,4665.25,22,6
P0016,2022-06-12,5079,4308.0,4237.0,4965.0,4460.5,23,6
P0016,2022-06-19,5319,5079.0,4308.0,4332.0,4489.0,24,6
P0016,2022-06-26,6034,5319.0,5079.0,4237.0,4735.75,25,6
P0016,2022-07-03,5222,6034.0,5319.0,4308.0,5185.0,26,7
P0016,2022-07-10,5313,5222.0,6034.0,5079.0,5413.5,27,7
P0016,2022-07-17,5009,5313.0,5222.0,5319.0,5472.0,28,7
P0016,2022-07-24,6874,5009.0,5313.0,6034.0,5394.5,29,7
P0016,2022-07-31,5167,6874.0,5009.0,5222.0,5604.5,30,7
P0016,2022-08-07,5743,5167.0,6874.0,5313.0,5590.75,31,8
P0016,2022-08-14,4596,5743.0,5167.0,5009.0,5698.25,32,8
P0016,2022-08-21,4320,4596.0,5743.0,6874.0,5595.0,33,8
P0016,2022-08-28,5450,4320.0,4596.0,5167.0,4956.5,34,8
P0016,2022-09-04,3754,5450.0,4320.0,5743.0,5027.25,35,9
P0016,2022-09-11,5572,3754.0,5450.0,4596.0,4530.0,36,9
P0016,2022-09-18,6003,5572.0,3754.0,4320.0,4774.0,37,9
P0016,2022-09-25,4200,6003.0,5572.0,5450.0,5194.75,38,9
P0016,2022-10-02,5258,4200.0,6003.0,3754.0,4882.25,39,10
P0016,2022-10-09,3647,5258.0,4200.0,5572.0,5258.25,40,10
P0016,2022-10-16,4300,3647.0,5258.0,6003.0,4777.0,41,10
P0016,2022-10-23,5247,4300.0,3647.0,4200.0,4351.25,42,10
P0016,2022-10-30,4813,5247.0,4300.0,5258.0,4613.0,43,10
P0016,2022-11-06,5267,4813.0,5247.0,3647.0,4501.75,44,11
P0016,2022-11-13,5478,5267.0,4813.0,4300.0,4906.75,45,11
P0016,2022-11-20,6185,5478.0,5267.0,5247.0,5201.25,46,11
P0016,2022-11-27,5168,6185.0,5478.0,4813.0,5435.75,47,11
P0016,2022-12-04,4914,5168.0,6185.0,5267.0,5524.5,48,12
P0016,2022-12-11,5294,4914.0,5168.0,5478.0,5436.25,49,12
P0016,2022-12-18,4379,5294.0,4914.0,6185.0,5390.25,50,12
P0016,2022-12-25,4220,4379.0,5294.0,5168.0,4938.75,51,12
P0016,2023-01-01,4377,4220.0,4379.0,4914.0,4701.75,52,1
P0016,2023-01-08,4364,4377.0,4220.0,5294.0,4567.5,1,1
P0016,2023-01-15,3751,4364.0,4377.0,4379.0,4335.0,2,1
P0016,2023-01-22,5803,3751.0,4364.0,4220.0,4178.0,3,1
P0016,2023-01-29,5270,5803.0,3751.0,4377.0,4573.75,4,1
P0016,2023-02-05,4458,5270.0,5803.0,4364.0,4797.0,5,2
P0016,2023-02-12,5543,4458.0,5270.0,3751.0,4820.5,6,2
P0016,2023-02-19,5224,5543.0,4458.0,5803.0,5268.5,7,2
P0016,2023-02-26,4590,5224.0,5543.0,5270.0,5123.75,8,2
P0016,2023-03-05,4669,4590.0,5224.0,4458.0,4953.75,9,3
P0016,2023-03-12,5244,4669.0,4590.0,5543.0,5006.5,10,3
P0016,2023-03-19,4672,5244.0,4669.0,5224.0,4931.75,11,3
P0016,2023-03-26,5011,4672.0,5244.0,4590.0,4793.75,12,3
P0016,2023-04-02,5157,5011.0,4672.0,4669.0,4899.0,13,4
P0016,2023-04-09,6140,5157.0,5011.0,5244.0,5021.0,14,4
P0016,2023-04-16,4737,6140.0,5157.0,4672.0,5245.0,15,4
P0016,2023-04-23,4239,4737.0,6140.0,5011.0,5261.25,16,4
P0016,2023-04-30,4512,4239.0,4737.0,5157.0,5068.25,17,4
P0016,2023-05-07,5342,4512.0,4239.0,6140.0,4907.0,18,5
P0016,2023-05-14,4630,5342.0,4512.0,4737.0,4707.5,19,5
P0016,2023-05-21,4682,4630.0,5342.0,4239.0,4680.75,20,5
P0016,2023-05-28,4925,4682.0,4630.0,4512.0,4791.5,21,5
P0016,2023-06-04,3993,4925.0,4682.0,5342.0,4894.75,22,6
P0016,2023-06-11,5013,3993.0,4925.0,4630.0,4557.5,23,6
P0016,2023-06-18,4951,5013.0,3993.0,4682.0,4653.25,24,6
P0016,2023-06-25,4525,4951.0,5013.0,4925.0,4720.5,25,6
P0016,2023-07-02,4910,4525.0,4951.0,3993.0,4620.5,26,7
P0016,2023-07-09,5031,4910.0,4525.0,5013.0,4849.75,27,7
P0016,2023-07-16,5736,5031.0,4910.0,4951.0,4854.25,28,7
P0016,2023-07-23,4407,5736.0,5031.0,4525.0,5050.5,29,7
P0016,2023-07-30,4393,4407.0,5736.0,4910.0,5021.0,30,7
P0016,2023-08-06,5779,4393.0,4407.0,5031.0,4891.75,31,8
P0016,2023-08-13,4476,5779.0,4393.0,5736.0,5078.75,32,8
P0016,2023-08-20,5025,4476.0,5779.0,4407.0,4763.75,33,8
P0016,2023-08-27,5393,5025.0,4476.0,4393.0,4918.25,34,8
P0016,2023-09-03,4191,5393.0,5025.0,5779.0,5168.25,35,9
P0016,2023-09-10,5131,4191.0,5393.0,4476.0,4771.25,36,9
P0016,2023-09-17,6327,5131.0,4191.0,5025.0,4935.0,37,9
P0016,2023-09-24,3362,6327.0,5131.0,5393.0,5260.5,38,9
P0016,2023-10-01,4085,3362.0,6327.0,4191.0,4752.75,39,10
P0016,2023-10-08,3774,4085.0,3362.0,5131.0,4726.25,40,10
P0016,2023-10-15,4718,3774.0,4085.0,6327.0,4387.0,41,10
P0016,2023-10-22,5022,4718.0,3774.0,3362.0,3984.75,42,10
P0016,2023-10-29,5069,5022.0,4718.0,4085.0,4399.75,43,10
P0016,2023-11-05,6196,5069.0,5022.0,3774.0,4645.75,44,11
P0016,2023-11-12,4716,6196.0,5069.0,4718.0,5251.25,45,11
P0016,2023-11-19,4784,4716.0,6196.0,5022.0,5250.75,46,11
P0016,2023-11-26,5598,4784.0,4716.0,5069.0,5191.25,47,11
P0016,2023-12-03,4705,5598.0,4784.0,6196.0,5323.5,48,12
P0016,2023-12-10,5179,4705.0,5598.0,4716.0,4950.75,49,12
P0016,2023-12-17,5924,5179.0,4705.0,4784.0,5066.5,50,12
P0016,2023-12-24,4927,5924.0,5179.0,5598.0,5351.5,51,12
P0016,2023-12-31,4511,4927.0,5924.0,4705.0,5183.75,52,12
P0016,2024-01-07,463,4511.0,4927.0,5179.0,5135.25,1,1
P0017,2022-01-02,2212,,,,,52,1
P0017,2022-01-09,5195,2212.0,,,,1,1
P0017,2022-01-16,4404,5195.0,2212.0,,,2,1
P0017,2022-01-23,6075,4404.0,5195.0,,,3,1
P0017,2022-01-30,3962,6075.0,4404.0,2212.0,4471.5,4,1
P0017,2022-02-06,5054,3962.0,6075.0,5195.0,4909.0,5,2
P0017,2022-02-13,5039,5054.0,3962.0,4404.0,4873.75,6,2
P0017,2022-02-20,5474,5039.0,5054.0,6075.0,5032.5,7,2
P0017,2022-02-27,4795,5474.0,5039.0,3962.0,4882.25,8,2
P0017,2022-03-06,4640,4795.0,5474.0,5054.0,5090.5,9,3
P0017,2022-03-13,3625,4640.0,4795.0,5039.0,4987.0,10,3
P0017,2022-03-20,4985,3625.0,4640.0,5474.0,4633.5,11,3
P0017,2022-03-27,4979,4985.0,3625.0,4795.0,4511.25,12,3
P0017,2022-04-03,4609,4979.0,4985.0,4640.0,4557.25,13,4
P0017,2022-04-10,5168,4609.0,4979.0,3625.0,4549.5,14,4
P0017,2022-04-17,5913,5168.0,4609.0,4985.0,4935.25,15,4
P0017,2022-04-24,4891,5913.0,5168.0,4979.0,5167.25,16,4
P0017,2022-05-01,4756,4891.0,5913.0,4609.0,5145.25,17,5
P0017,2022-05-08,4257,4756.0,4891.0,5168.0,5182.0,18,5
P0017,2022-05-15,4446,4257.0,4756.0,5913.0,4954.25,19,5
P0017,2022-05-22,4848,4446.0,4257.0,4891.0,4587.5,20,5
P0017,2022-05-29,4692,4848.0,4446.0,4756.0,4576.75,21,5
P0017,2022-06-05,4651,4692.0,4848.0,4257.0,4560.75,22,6
P0017,2022-06-12,4837,4651.0,4692.0,4446.0,4659.25,23,6
P0017,2022-06-19,3927,4837.0,4651.0,4848.0,4757.0,24,6
P0017,2022-06-26,5520,3927.0,4837.0,4692.0,4526.75,25,6
P0017,2022-07-03,4400,5520.0,3927.0,4651.0,4733.75,26,7
P0017,2022-07-10,4535,4400.0,5520.0,4837.0,4671.0,27,7
P0017,2022-07-17,3790,4535.0,4400.0,3927.0,4595.5,28,7
P0017,2022-07-24,4586,3790.0,4535.0,5520.0,4561.25,29,7
P0017,2022-07-31,4487,4586.0,3790.0,4400.0,4327.75,30,7
P0017,2022-08-07,4489,4487.0,4586.0,4535.0,4349.5,31,8
P0017,2022-08-14,4327,4489.0,4487.0,3790.0,4338.0,32,8
P0017,2022-08-21,4067,4327.0,4489.0,4586.0,4472.25,33,8
P0017,2022-08-28,4399,4067.0,4327.0,4487.0,4342.5,34,8
P0017,2022-09-04,4334,4399.0,4067.0,4489.0,4320.5,35,9
P0017,2022-09-11,4653,4334.0,4399.0,4327.0,4281.75,36,9
P0017,2022-09-18,5015,4653.0,4334.0,4067.0,4363.25,37,9
P0017,2022-09-25,3548,5015.0,4653.0,4399.0,4600.25,38,9
P0017,2022-10-02,5388,3548.0,5015.0,4334.0,4387.5,39,10
P0017,2022-10-09,6469,5388.0,3548.0,4653.0,4651.0,40,10
P0017,2022-10-16,4314,6469.0,5388.0,5015.0,5105.0,41,10
P0017,2022-10-23,5371,4314.0,6469.0,3548.0,4929.75,42,10
P0017,2022-10-30,4608,5371.0,4314.0,5388.0,5385.5,43,10
P0017,2022-11-06,3785,4608.0,5371.0,6469.0,5190.5,44,11
P0017,2022-11-13,5000,3785.0,4608.0,4314.0,4519.5,45,11
P0017,2022-11-20,4286,5000.0,3785.0,5371.0,4691.0,46,11
P0017,2022-11-27,5188,4286.0,5000.0,4608.0,4419.75,47,11
P0017,2022-12-04,4474,5188.0,4286.0,3785.0,4564.75,48,12
P0017,2022-12-11,5961,4474.0,5188.0,5000.0,4737.0,49,12
P0017,2022-12-18,4209,5961.0,4474.0,4286.0,4977.25,50,12
P0017,2022-12-25,4683,4209.0,5961.0,5188.0,4958.0,51,12
P0017,2023-01-01,5305,4683.0,4209.0,4474.0,4831.75,52,1
P0017,2023-01-08,4743,5305.0,4683.0,5961.0,5039.5,1,1
P0017,2023-01-15,4230,4743.0,5305.0,4209.0,4735.0,2,1
P0017,2023-01-22,3790,4230.0,4743.0,4683.0,4740.25,3,1
P0017,2023-01-29,6250,3790.0,4230.0,5305.0,4517.0,4,1
P0017,2023-02-05,3710,6250.0,3790.0,4743.0,4753.25,5,2
P0017,2023-02-12,5296,3710.0,6250.0,4230.0,4495.0,6,2
P0017,2023-02-19,5102,5296.0,3710.0,3790.0,4761.5,7,2
P0017,2023-02-26,4540,5102.0,5296.0,6250.0,5089.5,8,2
P0017,2023-03-05,5438,4540.0,5102.0,3710.0,4662.0,9,3
P0017,2023-03-12,4323,5438.0,4540.0,5296.0,5094.0,10,3
P0017,2023-03-19,5088,4323.0,5438.0,5102.0,4850.75,11,3
P0017,2023-03-26,5630,5088.0,4323.0,4540.0,4847.25,12,3
P0017,2023-04-02,4763,5630.0,5088.0,5438.0,5119.75,13,4
P0017,2023-04-09,4033,4763.0,5630.0,4323.0,4951.0,14,4
P0017,2023-04-16,4018,4033.0,4763.0,5088.0,4878.5,15,4
P0017,2023-04-23,4412,4018.0,4033.0,5630.0,4611.0,16,4
P0017,2023-04-30,4903,4412.0,4018.0,4763.0,4306.5,17,4
P0017,2023-05-07,4115,4903.0,4412.0,4033.0,4341.5,18,5
P0017,2023-05-14,4473,4115.0,4903.0,4018.0,4362.0,19,5
P0017,2023-05-21,4737,4473.0,4115.0,4412.0,4475.75,20,5
P0017,2023-05-28,5005,4737.0,4473.0,4903.0,4557.0,21,5
P0017,2023-06-04,5069,5005.0,4737.0,4115.0,4582.5,22,6
P0017,2023-06-11,4947,5069.0,5005.0,4473.0,4821.0,23,6
P0017,2023-06-18,5040,4947.0,5069.0,4737.0,4939.5,24,6
P0017,2023-06-25,4638,5040.0,4947.0,5005.0,5015.25,25,6
P0017,2023-07-02,4841,4638.0,5040.0,5069.0,4923.5,26,7
P0017,2023-07-09,5769,4841.0,4638.0,4947.0,4866.5,27,7
P0017,2023-07-16,3013,5769.0,4841.0,5040.0,5072.0,28,7
P0017,2023-07-23,4734,3013.0,5769.0,4638.0,4565.25,29,7
P0017,2023-07-30,5945,4734.0,3013.0,4841.0,4589.25,30,7
P0017,2023-08-06,6034,5945.0,4734.0,5769.0,4865.25,31,8
P0017,2023-08-13,5065,6034.0,5945.0,3013.0,4931.5,32,8
P0017,2023-08-20,5167,5065.0,6034.0,4734.0,5444.5,33,8
P0017,2023-08-27,4405,5167.0,5065.0,5945.0,5552.75,34,8
P0017,2023-09-03,4573,4405.0,5167.0,6034.0,5167.75,35,9
P0017,2023-09-10,4034,4573.0,4405.0,5065.0,4802.5,36,9
P0017,2023-09-17,3570,4034.0,4573.0,5167.0,4544.75,37,9
P0017,2023-09-24,4507,3570.0,4034.0,4405.0,4145.5,38,9
P0017,2023-10-01,4295,4507.0,3570.0,4573.0,4171.0,39,10
P0017,2023-10-08,4595,4295.0,4507.0,4034.0,4101.5,40,10
P0017,2023-10-15,4462,4595.0,4295.0,3570.0,4241.75,41,10
P0017,2023-10-22,6812,4462.0,4595.0,4507.0,4464.75,42,10
P0017,2023-10-29,5512,6812.0,4462.0,4295.0,5041.0,43,10
P0017,2023-11-05,4554,5512.0,6812.0,4595.0,5345.25,44,11
P0017,2023-11-12,6607,4554.0,5512.0,4462.0,5335.0,45,11
P0017,2023-11-19,4613,6607.0,4554.0,6812.0,5871.25,46,11
P0017,2023-11-26,5686,4613.0,6607.0,5512.0,5321.5,47,11
P0017,2023-12-03,5726,5686.0,4613.0,4554.0,5365.0,48,12
P0017,2023-12-10,4742,5726.0,5686.0,6607.0,5658.0,49,12
P0017,2023-12-17,4680,4742.0,5726.0,4613.0,5191.75,50,12
P0017,2023-12-24,3886,4680.0,4742.0,5686.0,5208.5,51,12
P0017,2023-12-31,5453,3886.0,4680.0,5726.0,4758.5,52,12
P0017,2024-01-07,312,5453.0,3886.0,4742.0,4690.25,1,1
P0018,2022-01-02,881,,,,,52,1
P0018,2022-01-09,4688,881.0,,,,1,1
P0018,2022-01-16,4436,4688.0,881.0,,,2,1
P0018,2022-01-23,5118,4436.0,4688.0,,,3,1
P0018,2022-01-30,5396,5118.0,4436.0,881.0,3780.75,4,1
P0018,2022-02-06,4995,5396.0,5118.0,4688.0,4909.5,5,2
P0018,2022-02-13,4471,4995.0,5396.0,4436.0,4986.25,6,2
P0018,2022-02-20,3986,4471.0,4995.0,5118.0,4995.0,7,2
P0018,2022-02-27,6424,3986.0,4471.0,5396.0,4712.0,8,2
P0018,2022-03-06,5149,6424.0,3986.0,4995.0,4969.0,9,3
P0018,2022-03-13,4206,5149.0,6424.0,4471.0,5007.5,10,3
P0018,2022-03-20,4472,4206.0,5149.0,3986.0,4941.25,11,3
P0018,2022-03-27,4142,4472.0,4206.0,6424.0,5062.75,12,3
P0018,2022-04-03,4668,4142.0,4472.0,5149.0,4492.25,13,4
P0018,2022-04-10,4534,4668.0,4142.0,4206.0,4372.0,14,4
P0018,2022-04-17,5472,4534.0,4668.0,4472.0,4454.0,15,4
P0018,2022-04-24,5307,5472.0,4534.0,4142.0,4704.0,16,4
P0018,2022-05-01,5550,5307.0,5472.0,4668.0,4995.25,17,5
P0018,2022-05-08,5020,5550.0,5307.0,4534.0,5215.75,18,5
P0018,2022-05-15,4707,5020.0,5550.0,5472.0,5337.25,19,5
P0018,2022-05-22,4803,4707.0,5020.0,5307.0,5146.0,20,5
P0018,2022-05-29,4601,4803.0,4707.0,5550.0,5020.0,21,5
P0018,2022-06-05,4093,4601.0,4803.0,5020.0,4782.75,22,6
P0018,2022-06-12,3506,4093.0,4601.0,4707.0,4551.0,23,6
P0018,2022-06-19,5803,3506.0,4093.0,4803.0,4250.75,24,6
P0018,2022-06-26,3757,5803.0,3506.0,4601.0,4500.75,25,6
P0018,2022-07-03,5458,3757.0,5803.0,4093.0,4289.75,26,7
P0018,2022-07-10,6359,5458.0,3757.0,3506.0,4631.0,27,7
P0018,2022-07-17,5052,6359.0,5458.0,5803.0,5344.25,28,7
P0018,2022-07-24,5064,5052.0,6359.0,3757.0,5156.5,29,7
P0018,2022-07-31,2409,5064.0,5052.0,5458.0,5483.25,30,7
P0018,2022-08-07,5177,2409.0,5064.0,6359.0,4721.0,31,8
P0018,2022-08-14,4121,5177.0,2409.0,5052.0,4425.5,32,8
P0018,2022-08-21,4165,4121.0,5177.0,5064.0,4192.75,33,8
P0018,2022-08-28,4211,4165.0,4121.0,2409.0,3968.0,34,8
P0018,2022-09-04,6615,4211.0,4165.0,5177.0,4418.5,35,9
P0018,2022-09-11,4438,6615.0,4211.0,4121.0,4778.0,36,9
P0018,2022-09-18,3562,4438.0,6615.0,4165.0,4857.25,37,9
P0018,2022-09-25,3758,3562.0,4438.0,4211.0,4706.5,38,9
P0018,2022-10-02,5020,3758.0,3562.0,6615.0,4593.25,39,10
P0018,2022-10-09,4844,5020.0,3758.0,4438.0,4194.5,40,10
P0018,2022-10-16,4535,4844.0,5020.0,3562.0,4296.0,41,10
P0018,2022-10-23,4493,4535.0,4844.0,3758.0,4539.25,42,10
P0018,2022-10-30,4815,4493.0,4535.0,5020.0,4723.0,43,10
P0018,2022-11-06,3451,4815.0,4493.0,4844.0,4671.75,44,11
P0018,2022-11-13,4284,3451.0,4815.0,4535.0,4323.5,45,11
P0018,2022-11-20,3903,4284.0,3451.0,4493.0,4260.75,46,11
P0018,2022-11-27,3553,3903.0,4284.0,4815.0,4113.25,47,11
P0018,2022-12-04,4295,3553.0,3903.0,3451.0,3797.75,48,12
P0018,2022-12-11,4136,4295.0,3553.0,4284.0,4008.75,49,12
P0018,2022-12-18,4668,4136.0,4295.0,3903.0,3971.75,50,12
P0018,2022-12-25,3938,4668.0,4136.0,3553.0,4163.0,51,12
P0018,2023-01-01,4553,3938.0,4668.0,4295.0,4259.25,52,1
P0018,2023-01-08,5257,4553.0,3938.0,4136.0,4323.75,1,1
P0018,2023-01-15,4785,5257.0,4553.0,4668.0,4604.0,2,1
P0018,2023-01-22,5545,4785.0,5257.0,3938.0,4633.25,3,1
P0018,2023-01-29,4886,5545.0,4785.0,4553.0,5035.0,4,1
P0018,2023-02-05,4673,4886.0,5545.0,5257.0,5118.25,5,2
P0018,2023-02-12,4081,4673.0,4886.0,4785.0,4972.25,6,2
P0018,2023-02-19,5469,4081.0,4673.0,5545.0,4796.25,7,2
P0018,2023-02-26,4906,5469.0,4081.0,4886.0,4777.25,8,2
P0018,2023-03-05,5082,4906.0,5469.0,4673.0,4782.25,9,3
P0018,2023-03-12,3939,5082.0,4906.0,4081.0,4884.5,10,3
P0018,2023-03-19,3777,3939.0,5082.0,5469.0,4849.0,11,3
P0018,2023-03-26,4363,3777.0,3939.0,4906.0,4426.0,12,3
P0018,2023-04-02,4742,4363.0,3777.0,5082.0,4290.25,13,4
P0018,2023-04-09,6385,4742.0,4363.0,3939.0,4205.25,14,4
P0018,2023-04-16,4741,6385.0,4742.0,3777.0,4816.75,15,4
P0018,2023-04-23,4482,4741.0,6385.0,4363.0,5057.75,16,4
P0018,2023-04-30,5463,4482.0,4741.0,4742.0,5087.5,17,4
P0018,2023-05-07,4751,5463.0,4482.0,6385.0,5267.75,18,5
P0018,2023-05-14,5744,4751.0,5463.0,4741.0,4859.25,19,5
P0018,2023-05-21,5465,5744.0,4751.0,4482.0,5110.0,20,5
P0018,2023-05-28,4185,5465.0,5744.0,5463.0,5355.75,21,5
P0018,2023-06-04,4255,4185.0,5465.0,4751.0,5036.25,22,6
P0018,2023-06-11,4482,4255.0,4185.0,5744.0,4912.25,23,6
P0018,2023-06-18,4816,4482.0,4255.0,5465.0,4596.75,24,6
P0018,2023-06-25,4217,4816.0,4482.0,4185.0,4434.5,25,6
P0018,2023-07-02,4836,4217.0,4816.0,4255.0,4442.5,26,7
P0018,2023-07-09,5005,4836.0,4217.0,4482.0,4587.75,27,7
P0018,2023-07-16,5181,5005.0,4836.0,4816.0,4718.5,28,7
P0018,2023-07-23,4684,5181.0,5005.0,4217.0,4809.75,29,7
P0018,2023-07-30,4640,4684.0,5181.0,4836.0,4926.5,30,7
P0018,2023-08-06,5175,4640.0,4684.0,5005.0,4877.5,31,8
P0018,2023-08-13,5043,5175.0,4640.0,5181.0,4920.0,32,8
P0018,2023-08-20,4937,5043.0,5175.0,4684.0,4885.5,33,8
P0018,2023-08-27,4838,4937.0,5043.0,4640.0,4948.75,34,8
P0018,2023-09-03,4747,4838.0,4937.0,5175.0,4998.25,35,9
P0018,2023-09-10,4439,4747.0,4838.0,5043.0,4891.25,36,9
P0018,2023-09-17,4722,4439.0,4747.0,4937.0,4740.25,37,9
P0018,2023-09-24,5496,4722.0,4439.0,4838.0,4686.5,38,9
P0018,2023-10-01,5640,5496.0,4722.0,4747.0,4851.0,39,10
P0018,2023-10-08,5727,5640.0,5496.0,4439.0,5074.25,40,10
P0018,2023-10-15,5347,5727.0,5640.0,4722.0,5396.25,41,10
P0018,2023-10-22,4510,5347.0,5727.0,5496.0,5552.5,42,10
P0018,2023-10-29,4986,4510.0,5347.0,5640.0,5306.0,43,10
P0018,2023-11-05,4455,4986.0,4510.0,5727.0,5142.5,44,11
P0018,2023-11-12,4695,4455.0,4986.0,5347.0,4824.5,45,11
P0018,2023-11-19,4968,4695.0,4455.0,4510.0,4661.5,46,11
P0018,2023-11-26,4831,4968.0,4695.0,4986.0,4776.0,47,11
P0018,2023-12-03,4466,4831.0,4968.0,4455.0,4737.25,48,12
P0018,2023-12-10,4410,4466.0,4831.0,4695.0,4740.0,49,12
P0018,2023-12-17,5146,4410.0,4466.0,4968.0,4668.75,50,12
P0018,2023-12-24,4311,5146.0,4410.0,4831.0,4713.25,51,12
P0018,2023-12-31,3448,4311.0,5146.0,4466.0,4583.25,52,12
P0018,2024-01-07,315,3448.0,4311.0,4410.0,4328.75,1,1
P0019,2022-01-02,1606,,,,,52,1
P0019,2022-01-09,4067,1606.0,,,,1,1
P0019,2022-01-16,5859,4067.0,1606.0,,,2,1
P0019,2022-01-23,4647,5859.0,4067.0,,,3,1
P0019,2022-01-30,4079,4647.0,5859.0,1606.0,4044.75,4,1
P0019,2022-02-06,3818,4079.0,4647.0,4067.0,4663.0,5,2
P0019,2022-02-13,5817,3818.0,4079.0,5859.0,4600.75,6,2
P0019,2022-02-20,4523,5817.0,3818.0,4647.0,4590.25,7,2
P0019,2022-02-27,5444,4523.0,5817.0,4079.0,4559.25,8,2
P0019,2022-03-06,4241,5444.0,4523.0,3818.0,4900.5,9,3
P0019,2022-03-13,4875,4241.0,5444.0,5817.0,5006.25,10,3
P0019,2022-03-20,4074,4875.0,4241.0,4523.0,4770.75,11,3
P0019,2022-03-27,4358,4074.0,4875.0,5444.0,4658.5,12,3
P0019,2022-04-03,4783,4358.0,4074.0,4241.0,4387.0,13,4
P0019,2022-04-10,4594,4783.0,4358.0,4875.0,4522.5,14,4
P0019,2022-04-17,4902,4594.0,4783.0,4074.0,4452.25,15,4
P0019,2022-04-24,6171,4902.0,4594.0,4358.0,4659.25,16,4
P0019,2022-05-01,4606,6171.0,4902.0,4783.0,5112.5,17,5
P0019,2022-05-08,4481,4606.0,6171.0,4594.0,5068.25,18,5
P0019,2022-05-15,4843,4481.0,4606.0,4902.0,5040.0,19,5
P0019,2022-05-22,4312,4843.0,4481.0,6171.0,5025.25,20,5
P0019,2022-05-29,5539,4312.0,4843.0,4606.0,4560.5,21,5
P0019,2022-06-05,4471,5539.0,4312.0,4481.0,4793.75,22,6
P0019,2022-06-12,4007,4471.0,5539.0,4843.0,4791.25,23,6
P0019,2022-06-19,4795,4007.0,4471.0,4312.0,4582.25,24,6
P0019,2022-06-26,5209,4795.0,4007.0,5539.0,4703.0,25,6
P0019,2022-07-03,4357,5209.0,4795.0,4471.0,4620.5,26,7
P0019,2022-07-10,3533,4357.0,5209.0,4007.0,4592.0,27,7
P0019,2022-07-17,5162,3533.0,4357.0,4795.0,4473.5,28,7
P0019,2022-07-24,5332,5162.0,3533.0,5209.0,4565.25,29,7
P0019,2022-07-31,4178,5332.0,5162.0,4357.0,4596.0,30,7
P0019,2022-08-07,4913,4178.0,5332.0,3533.0,4551.25,31,8
P0019,2022-08-14,4040,4913.0,4178.0,5162.0,4896.25,32,8
P0019,2022-08-21,4310,4040.0,4913.0,5332.0,4615.75,33,8
P0019,2022-08-28,4491,4310.0,4040.0,4178.0,4360.25,34,8
P0019,2022-09-04,4711,4491.0,4310.0,4913.0,4438.5,35,9
P0019,2022-09-11,5550,4711.0,4491.0,4040.0,4388.0,36,9
P0019,2022-09-18,4842,5550.0,4711.0,4310.0,4765.5,37,9
P0019,2022-09-25,5241,4842.0,5550.0,4491.0,4898.5,38,9
P0019,2022-10-02,6173,5241.0,4842.0,4711.0,5086.0,39,10
P0019,2022-10-09,4113,6173.0,5241.0,5550.0,5451.5,40,10
P0019,2022-10-16,4372,4113.0,6173.0,4842.0,5092.25,41,10
P0019,2022-10-23,5224,4372.0,4113.0,5241.0,4974.75,42,10
P0019,2022-10-30,4704,5224.0,4372.0,6173.0,4970.5,43,10
P0019,2022-11-06,4757,4704.0,5224.0,4113.0,4603.25,44,11
P0019,2022-11-13,4819,4757.0,4704.0,4372.0,4764.25,45,11
P0019,2022-11-20,5965,4819.0,4757.0,5224.0,4876.0,46,11
P0019,2022-11-27,6092,5965.0,4819.0,4704.0,5061.25,47,11
P0019,2022-12-04,4473,6092.0,5965.0,4757.0,5408.25,48,12
P0019,2022-12-11,4210,4473.0,6092.0,4819.0,5337.25,49,12
P0019,2022-12-18,4918,4210.0,4473.0,5965.0,5185.0,50,12
P0019,2022-12-25,5389,4918.0,4210.0,6092.0,4923.25,51,12
P0019,2023-01-01,3024,5389.0,4918.0,4473.0,4747.5,52,1
P0019,2023-01-08,4612,3024.0,5389.0,4210.0,4385.25,1,1
P0019,2023-01-15,4530,4612.0,3024.0,4918.0,4485.75,2,1
P0019,2023-01-22,4266,4530.0,4612.0,5389.0,4388.75,3,1
P0019,2023-01-29,4612,4266.0,4530.0,3024.0,4108.0,4,1
P0019,2023-02-05,5874,4612.0,4266.0,4612.0,4505.0,5,2
P0019,2023-02-12,4784,5874.0,4612.0,4530.0,4820.5,6,2
P0019,2023-02-19,4851,4784.0,5874.0,4266.0,4884.0,7,2
P0019,2023-02-26,5803,4851.0,4784.0,4612.0,5030.25,8,2
P0019,2023-03-05,4992,5803.0,4851.0,5874.0,5328.0,9,3
P0019,2023-03-12,4443,4992.0,5803.0,4784.0,5107.5,10,3
P0019,2023-03-19,3976,4443.0,4992.0,4851.0,5022.25,11,3
P0019,2023-03-26,4595,3976.0,4443.0,5803.0,4803.5,12,3
P0019,2023-04-02,4540,4595.0,3976.0,4992.0,4501.5,13,4
P0019,2023-04-09,4001,4540.0,4595.0,4443.0,4388.5,14,4
P0019,2023-04-16,4206,4001.0,4540.0,3976.0,4278.0,15,4
P0019,2023-04-23,4307,4206.0,4001.0,4595.0,4335.5,16,4
P0019,2023-04-30,5343,4307.0,4206.0,4540.0,4263.5,17,4
P0019,2023-05-07,4142,5343.0,4307.0,4001.0,4464.25,18,5
P0019,2023-05-14,6559,4142.0,5343.0,4206.0,4499.5,19,5
P0019,2023-05-21,6795,6559.0,4142.0,4307.0,5087.75,20,5
P0019,2023-05-28,4906,6795.0,6559.0,5343.0,5709.75,21,5
P0019,2023-06-04,4580,4906.0,6795.0,4142.0,5600.5,22,6
P0019,2023-06-11,5035,4580.0,4906.0,6559.0,5710.0,23,6
P0019,2023-06-18,4592,5035.0,4580.0,6795.0,5329.0,24,6
P0019,2023-06-25,4380,4592.0,5035.0,4906.0,4778.25,25,6
P0019,2023-07-02,4798,4380.0,4592.0,4580.0,4646.75,26,7
P0019,2023-07-09,4587,4798.0,4380.0,5035.0,4701.25,27,7
P0019,2023-07-16,3162,4587.0,4798.0,4592.0,4589.25,28,7
P0019,2023-07-23,4740,3162.0,4587.0,4380.0,4231.75,29,7
P0019,2023-07-30,3843,4740.0,3162.0,4798.0,4321.75,30,7
P0019,2023-08-06,4596,3843.0,4740.0,4587.0,4083.0,31,8
P0019,2023-08-13,4990,4596.0,3843.0,3162.0,4085.25,32,8
P0019,2023-08-20,5349,4990.0,4596.0,4740.0,4542.25,33,8
P0019,2023-08-27,5519,5349.0,4990.0,3843.0,4694.5,34,8
P0019,2023-09-03,4838,5519.0,5349.0,4596.0,5113.5,35,9
P0019,2023-09-10,4673,4838.0,5519.0,4990.0,5174.0,36,9
P0019,2023-09-17,3680,4673.0,4838.0,5349.0,5094.75,37,9
P0019,2023-09-24,4674,3680.0,4673.0,5519.0,4677.5,38,9
P0019,2023-10-01,6628,4674.0,3680.0,4838.0,4466.25,39,10
P0019,2023-10-08,4389,6628.0,4674.0,4673.0,4913.75,40,10
P0019,2023-10-15,5170,4389.0,6628.0,3680.0,4842.75,41,10
P0019,2023-10-22,5054,5170.0,4389.0,4674.0,5215.25,42,10
P0019,2023-10-29,3927,5054.0,5170.0,6628.0,5310.25,43,10
P0019,2023-11-05,5562,3927.0,5054.0,4389.0,4635.0,44,11
P0019,2023-11-12,4896,5562.0,3927.0,5170.0,4928.25,45,11
P0019,2023-11-19,4620,4896.0,5562.0,5054.0,4859.75,46,11
P0019,2023-11-26,4544,4620.0,4896.0,3927.0,4751.25,47,11
P0019,2023-12-03,4615,4544.0,4620.0,5562.0,4905.5,48,12
P0019,2023-12-10,4594,4615.0,4544.0,4896.0,4668.75,49,12
P0019,2023-12-17,4474,4594.0,4615.0,4620.0,4593.25,50,12
P0019,2023-12-24,4386,4474.0,4594.0,4544.0,4556.75,51,12
P0019,2023-12-31,4976,4386.0,4474.0,4615.0,4517.25,52,12
P0019,2024-01-07,877,4976.0,4386.0,4594.0,4607.5,1,1
P0020,2022-01-02,1258,,,,,52,1
P0020,2022-01-09,4149,1258.0,,,,1,1
P0020,2022-01-16,5935,4149.0,1258.0,,,2,1
P0020,2022-01-23,3724,5935.0,4149.0,,,3,1
P0020,2022-01-30,4785,3724.0,5935.0,1258.0,3766.5,4,1
P0020,2022-02-06,4337,4785.0,3724.0,4149.0,4648.25,5,2
P0020,2022-02-13,4101,4337.0,4785.0,5935.0,4695.25,6,2
P0020,2022-02-20,4228,4101.0,4337.0,3724.0,4236.75,7,2
P0020,2022-02-27,5020,4228.0,4101.0,4785.0,4362.75,8,2
P0020,2022-03-06,5871,5020.0,4228.0,4337.0,4421.5,9,3
P0020,2022-03-13,6766,5871.0,5020.0,4101.0,4805.0,10,3
P0020,2022-03-20,4859,6766.0,5871.0,4228.0,5471.25,11,3
P0020,2022-03-27,4901,4859.0,6766.0,5020.0,5629.0,12,3
P0020,2022-04-03,4733,4901.0,4859.0,5871.0,5599.25,13,4
P0020,2022-04-10,6039,4733.0,4901.0,6766.0,5314.75,14,4
P0020,2022-04-17,4969,6039.0,4733.0,4859.0,5133.0,15,4
P0020,2022-04-24,4587,4969.0,6039.0,4901.0,5160.5,16,4
P0020,2022-05-01,5213,4587.0,4969.0,4733.0,5082.0,17,5
P0020,2022-05-08,5203,5213.0,4587.0,6039.0,5202.0,18,5
P0020,2022-05-15,3942,5203.0,5213.0,4969.0,4993.0,19,5
P0020,2022-05-22,4651,3942.0,5203.0,4587.0,4736.25,20,5
P0020,2022-05-29,3564,4651.0,3942.0,5213.0,4752.25,21,5
P0020,2022-06-05,6111,3564.0,4651.0,5203.0,4340.0,22,6
P0020,2022-06-12,5152,6111.0,3564.0,3942.0,4567.0,23,6
P0020,2022-06-19,5271,5152.0,6111.0,4651.0,4869.5,24,6
P0020,2022-06-26,5256,5271.0,5152.0,3564.0,5024.5,25,6
P0020,2022-07-03,4408,5256.0,5271.0,6111.0,5447.5,26,7
P0020,2022-07-10,4939,4408.0,5256.0,5152.0,5021.75,27,7
P0020,2022-07-17,5676,4939.0,4408.0,5271.0,4968.5,28,7
P0020,2022-07-24,6082,5676.0,4939.0,5256.0,5069.75,29,7
P0020,2022-07-31,5334,6082.0,5676.0,4408.0,5276.25,30,7
P0020,2022-08-07,3598,5334.0,6082.0,4939.0,5507.75,31,8
P0020,2022-08-14,4402,3598.0,5334.0,5676.0,5172.5,32,8
P0020,2022-08-21,5173,4402.0,3598.0,6082.0,4854.0,33,8
P0020,2022-08-28,3506,5173.0,4402.0,5334.0,4626.75,34,8
P0020,2022-09-04,4078,3506.0,5173.0,3598.0,4169.75,35,9
P0020,2022-09-11,5689,4078.0,3506.0,4402.0,4289.75,36,9
P0020,2022-09-18,4069,5689.0,4078.0,5173.0,4611.5,37,9
P0020,2022-09-25,4632,4069.0,5689.0,3506.0,4335.5,38,9
P0020,2022-10-02,5037,4632.0,4069.0,4078.0,4617.0,39,10
P0020,2022-10-09,5223,5037.0,4632.0,5689.0,4856.75,40,10
P0020,2022-10-16,5804,5223.0,5037.0,4069.0,4740.25,41,10
P0020,2022-10-23,5142,5804.0,5223.0,4632.0,5174.0,42,10
P0020,2022-10-30,5583,5142.0,5804.0,5037.0,5301.5,43,10
P0020,2022-11-06,5361,5583.0,5142.0,5223.0,5438.0,44,11
P0020,2022-11-13,4916,5361.0,5583.0,5804.0,5472.5,45,11
P0020,2022-11-20,4421,4916.0,5361.0,5142.0,5250.5,46,11
P0020,2022-11-27,5327,4421.0,4916.0,5583.0,5070.25,47,11
P0020,2022-12-04,4598,5327.0,4421.0,5361.0,5006.25,48,12
P0020,2022-12-11,5382,4598.0,5327.0,4916.0,4815.5,49,12
P0020,2022-12-18,3675,5382.0,4598.0,4421.0,4932.0,50,12
P0020,2022-12-25,5191,3675.0,5382.0,5327.0,4745.5,51,12
P0020,2023-01-01,4496,5191.0,3675.0,4598.0,4711.5,52,1
P0020,2023-01-08,5362,4496.0,5191.0,5382.0,4686.0,1,1
P0020,2023-01-15,4814,5362.0,4496.0,3675.0,4681.0,2,1
P0020,2023-01-22,4811,4814.0,5362.0,5191.0,4965.75,3,1
P0020,2023-01-29,5026,4811.0,4814.0,4496.0,4870.75,4,1
P0020,2023-02-05,5321,5026.0,4811.0,5362.0,5003.25,5,2
P0020,2023-02-12,5218,5321.0,5026.0,4814.0,4993.0,6,2
P0020,2023-02-19,6168,5218.0,5321.0,4811.0,5094.0,7,2
P0020,2023-02-26,4471,6168.0,5218.0,5026.0,5433.25,8,2
P0020,2023-03-05,3794,4471.0,6168.0,5321.0,5294.5,9,3
P0020,2023-03-12,4487,3794.0,4471.0,5218.0,4912.75,10,3
P0020,2023-03-19,4395,4487.0,3794.0,6168.0,4730.0,11,3
P0020,2023-03-26,3761,4395.0,4487.0,4471.0,4286.75,12,3
P0020,2023-04-02,6464,3761.0,4395.0,3794.0,4109.25,13,4
P0020,2023-04-09,4283,6464.0,3761.0,4487.0,4776.75,14,4
P0020,2023-04-16,4713,4283.0,6464.0,4395.0,4725.75,15,4
P0020,2023-04-23,5292,4713.0,4283.0,3761.0,4805.25,16,4
P0020,2023-04-30,4834,5292.0,4713.0,6464.0,5188.0,17,4
P0020,2023-05-07,5109,4834.0,5292.0,4283.0,4780.5,18,5
P0020,2023-05-14,4866,5109.0,4834.0,4713.0,4987.0,19,5
P0020,2023-05-21,4056,4866.0,5109.0,5292.0,5025.25,20,5
P0020,2023-05-28,4024,4056.0,4866.0,4834.0,4716.25,21,5
P0020,2023-06-04,4716,4024.0,4056.0,5109.0,4513.75,22,6
P0020,2023-06-11,3820,4716.0,4024.0,4866.0,4415.5,23,6
P0020,2023-06-18,4713,3820.0,4716.0,4056.0,4154.0,24,6
P0020,2023-06-25,5436,4713.0,3820.0,4024.0,4318.25,25,6
P0020,2023-07-02,4984,5436.0,4713.0,4716.0,4671.25,26,7
P0020,2023-07-09,4912,4984.0,5436.0,3820.0,4738.25,27,7
P0020,2023-07-16,5513,4912.0,4984.0,4713.0,5011.25,28,7
P0020,2023-07-23,5492,5513.0,4912.0,5436.0,5211.25,29,7
P0020,2023-07-30,4329,5492.0,5513.0,4984.0,5225.25,30,7
P0020,2023-08-06,4402,4329.0,5492.0,4912.0,5061.5,31,8
P0020,2023-08-13,4406,4402.0,4329.0,5513.0,4934.0,32,8
P0020,2023-08-20,4277,4406.0,4402.0,5492.0,4657.25,33,8
P0020,2023-08-27,4114,4277.0,4406.0,4329.0,4353.5,34,8
P0020,2023-09-03,4329,4114.0,4277.0,4402.0,4299.75,35,9
P0020,2023-09-10,3814,4329.0,4114.0,4406.0,4281.5,36,9
P0020,2023-09-17,5244,3814.0,4329.0,4277.0,4133.5,37,9
P0020,2023-09-24,4846,5244.0,3814.0,4114.0,4375.25,38,9
P0020,2023-10-01,5460,4846.0,5244.0,4329.0,4558.25,39,10
P0020,2023-10-08,4911,5460.0,4846.0,3814.0,4841.0,40,10
P0020,2023-10-15,4255,4911.0,5460.0,5244.0,5115.25,41,10
P0020,2023-10-22,5300,4255.0,4911.0,4846.0,4868.0,42,10
P0020,2023-10-29,4436,5300.0,4255.0,5460.0,4981.5,43,10
P0020,2023-11-05,4380,4436.0,5300.0,4911.0,4725.5,44,11
P0020,2023-11-12,5535,4380.0,4436.0,4255.0,4592.75,45,11
P0020,2023-11-19,6085,5535.0,4380.0,5300.0,4912.75,46,11
P0020,2023-11-26,5234,6085.0,5535.0,4436.0,5109.0,47,11
P0020,2023-12-03,4159,5234.0,6085.0,4380.0,5308.5,48,12
P0020,2023-12-10,4727,4159.0,5234.0,5535.0,5253.25,49,12
P0020,2023-12-17,6085,4727.0,4159.0,6085.0,5051.25,50,12
P0020,2023-12-24,4830,6085.0,4727.0,5234.0,5051.25,51,12
P0020,2023-12-31,4525,4830.0,6085.0,4159.0,4950.25,52,12
P0020,2024-01-07,803,4525.0,4830.0,4727.0,5041.75,1,1
